Id,Label,timeset,color,degree[z]
CN101554215A,CN101554215A,,2,10
CN107727205A,CN107727205A,,3,19
CN102753893B,CN102753893B,,3,15
CN102753893A,CN102753893A,,3,13
CN103048028A,CN103048028A,,3,14
CN106547288B,CN106547288B,,3,19
CN107184116B,CN107184116B,,3,21
CN107184116A,CN107184116A,,3,18
CN106547288A,CN106547288A,,3,18
CN104007775A,CN104007775A,,3,15
CN107397425A,CN107397425A,,3,18
CN102405981A,CN102405981A,,3,13
CN104872292B,CN104872292B,,3,20
CN103300726A,CN103300726A,,3,14
CN104872292A,CN104872292A,,3,16
CN101807055A,CN101807055A,,3,11
CN105607540A,CN105607540A,,3,17
CN106730329A,CN106730329A,,3,18
CN102908055A,CN102908055A,,3,14
CN102908055B,CN102908055B,,3,15
WO2011095121A1,WO2011095121A1,,3,12
CN109106211A,CN109106211A,,3,20
CN106730331A,CN106730331A,,3,18
CN102539884A,CN102539884A,,3,13
WO2018006778A1,WO2018006778A1,,3,19
CN106388573A,CN106388573A,,3,18
CN102987925A,CN102987925A,,2,14
CN109394019A,CN109394019A,,3,20
CN107019426A,CN107019426A,,2,18
CN108606631B,CN108606631B,,3,22
CN107752761A,CN107752761A,,3,19
CN108606631A,CN108606631A,,3,19
CN105982545A,CN105982545A,,3,17
WO2018019090A1,WO2018019090A1,,3,19
EP3335600B1,EP3335600B1,,3,22
CN107592691A,CN107592691A,,3,19
CN105982544A,CN105982544A,,3,17
CN105982545B,CN105982545B,,3,20
CN102973151A,CN102973151A,,2,14
CN105982544B,CN105982544B,,3,20
CN108175256A,CN108175256A,,3,19
CN108720551A,CN108720551A,,3,19
CN106175502B,CN106175502B,,1,20
CN106175502A,CN106175502A,,1,17
CN103926970A,CN103926970A,,2,15
CN106308525A,CN106308525A,,2,18
CN106037480A,CN106037480A,,3,17
CN104799686A,CN104799686A,,1,16
CN107661006A,CN107661006A,,3,19
CN101342054A,CN101342054A,,2,10
CN102405983B,CN102405983B,,3,14
CN102736639B,CN102736639B,,3,15
CN102405983A,CN102405983A,,3,13
CN101810280B,CN101810280B,,3,14
CN105982542A,CN105982542A,,3,17
CN102736639A,CN102736639A,,3,13
CN104337398A,CN104337398A,,3,16
CN101744057A,CN101744057A,,3,11
CN101611848B,CN101611848B,,3,14
CN101833294A,CN101833294A,,3,11
CN104904861A,CN104904861A,,3,16
CN102894885A,CN102894885A,,3,14
CN105717838A,CN105717838A,,3,17
CN104856567A,CN104856567A,,3,16
CN103829794A,CN103829794A,,3,15
CN107844062A,CN107844062A,,3,19
CN103829794B,CN103829794B,,3,18
CN103932591A,CN103932591A,,2,15
CN107233013A,CN107233013A,,3,18
CN107348870A,CN107348870A,,1,18
CN107348870B,CN107348870B,,1,21
CN104958011A,CN104958011A,,1,16
CN107569128A,CN107569128A,,3,19
CN107969943A,CN107969943A,,1,19
CN107374403B,CN107374403B,,1,21
CN108185848A,CN108185848A,,3,19
CN107374403A,CN107374403A,,1,18
CN109497852A,CN109497852A,,3,20
CN106388644B,CN106388644B,,3,20
CN106388644A,CN106388644A,,3,18
CN101647535A,CN101647535A,,2,11
CN105478205B,CN105478205B,,3,18
CN105478205A,CN105478205A,,3,17
CN104115937A,CN104115937A,,2,15
CN104115937B,CN104115937B,,2,17
CN103356048A,CN103356048A,,3,14
CN109938623A,CN109938623A,,3,20
CN103356048B,CN103356048B,,3,16
TWI496554B,TWI496554B,,3,16
CN103536216B,CN103536216B,,3,16
CN108888131A,CN108888131A,,3,19
CN103536216A,CN103536216A,,3,15
CN101803884A,CN101803884A,,3,11
CN104116403A,CN104116403A,,2,15
CN102018053B,CN102018053B,,3,14
CN102018053A,CN102018053A,,3,12
CN104055422A,CN104055422A,,2,15
CN108784426A,CN108784426A,,2,19
CN104805635B,CN104805635B,,3,18
CN104805635A,CN104805635A,,3,16
CN108784283A,CN108784283A,,2,19
CN108803767A,CN108803767A,,3,19
CN108784283B,CN108784283B,,2,22
CN107581930A,CN107581930A,,3,19
CN204318445U,CN204318445U,,2,16
CN106264129A,CN106264129A,,2,18
CN106264125A,CN106264125A,,2,18
CN106264124A,CN106264124A,,2,18
CN106264125B,CN106264125B,,2,20
CN106264123A,CN106264123A,,2,18
CN106264123B,CN106264123B,,2,20
CN106264154A,CN106264154A,,2,18
CN106264153A,CN106264153A,,2,18
CN106264154B,CN106264154B,,2,21
CN106264152A,CN106264152A,,2,18
CN106264153B,CN106264153B,,2,20
CN106264130A,CN106264130A,,2,18
CN106264151A,CN106264151A,,2,18
CN106264130B,CN106264130B,,2,20
CN106264150A,CN106264150A,,2,18
CN106264151B,CN106264151B,,2,20
CN104055423A,CN104055423A,,2,15
CN106264126A,CN106264126A,,2,18
CN102273516A,CN102273516A,,2,12
CN102578909B,CN102578909B,,3,15
CN104543002A,CN104543002A,,1,16
CN104543002B,CN104543002B,,1,18
CN102578909A,CN102578909A,,3,13
CN103505044A,CN103505044A,,1,15
CN103431763A,CN103431763A,,1,14
CN102764076A,CN102764076A,,1,13
CN102764076B,CN102764076B,,1,15
CN103908161A,CN103908161A,,2,15
WO2019024190A1,WO2019024190A1,,3,20
CN107960475A,CN107960475A,,2,19
CN106510459A,CN106510459A,,3,18
CN106510459B,CN106510459B,,3,20
CN105725859A,CN105725859A,,3,17
CN108113459A,CN108113459A,,3,19
CN110432777A,CN110432777A,,3,20
CN108720653A,CN108720653A,,3,19
CN111084534A,CN111084534A,,3,21
CN102326628A,CN102326628A,,2,13
CN110250885A,CN110250885A,,3,20
CN105476481A,CN105476481A,,3,17
CN109381014A,CN109381014A,,3,20
CN105476481B,CN105476481B,,3,19
CN108784381A,CN108784381A,,3,19
CN108784381B,CN108784381B,,3,21
CN101461507A,CN101461507A,,2,10
CN105301998A,CN105301998A,,3,17
CN101972115A,CN101972115A,,3,12
CN107374407A,CN107374407A,,3,18
CN106510492A,CN106510492A,,3,18
CN106510492B,CN106510492B,,3,20
CN103941771A,CN103941771A,,3,15
CN106724813A,CN106724813A,,3,18
CN101836677A,CN101836677A,,3,11
CN102273513A,CN102273513A,,2,12
CN105053234A,CN105053234A,,3,16
CN102835895B,CN102835895B,,2,15
CN109419303A,CN109419303A,,2,20
CN109431322A,CN109431322A,,3,20
CN102835895A,CN102835895A,,2,13
CN102835457A,CN102835457A,,2,13
CN104115938A,CN104115938A,,2,15
CN108742148A,CN108742148A,,3,19
CN102293256A,CN102293256A,,2,12
CN104255929A,CN104255929A,,3,16
CN109276161A,CN109276161A,,1,20
CN104939698A,CN104939698A,,3,16
CN108185829A,CN108185829A,,3,19
CN108814342A,CN108814342A,,3,19
CN104186679A,CN104186679A,,3,15
CN103908159A,CN103908159A,,3,15
CN103908159B,CN103908159B,,3,17
CN107080464A,CN107080464A,,3,18
CN107821609B,CN107821609B,,1,21
CN107821609A,CN107821609A,,1,19
CN109463985A,CN109463985A,,3,20
WO2018006776A1,WO2018006776A1,,3,19
CN105942853A,CN105942853A,,3,17
CN110200475A,CN110200475A,,3,20
CN107456096B,CN107456096B,,2,20
CN110764549A,CN110764549A,,3,21
CN107456096A,CN107456096A,,2,18
CN109316093A,CN109316093A,,3,20
CN109316093B,CN109316093B,,3,21
CN101584434A,CN101584434A,,2,10
CN105831255A,CN105831255A,,3,17
CN109222685A,CN109222685A,,1,20
CN107239093A,CN107239093A,,3,18
CN101810224A,CN101810224A,,1,11
CN102327062A,CN102327062A,,3,13
CN101810224B,CN101810224B,,1,14
CN109124396A,CN109124396A,,3,20
CN101810441A,CN101810441A,,2,11
CN103932609A,CN103932609A,,3,15
CN103932609B,CN103932609B,,3,18
CN105759858A,CN105759858A,,3,17
CN103908161B,CN103908161B,,3,17
CN103988917A,CN103988917A,,3,15
CN105167617A,CN105167617A,,2,16
CN106923675B,CN106923675B,,3,20
CN106923699A,CN106923699A,,3,18
CN106923701B,CN106923701B,,3,20
CN106923675A,CN106923675A,,3,18
CN106923699B,CN106923699B,,3,21
CN106923676A,CN106923676A,,3,18
CN106923701A,CN106923701A,,3,18
CN201142919Y,CN201142919Y,,2,9
CN103654475B,CN103654475B,,1,17
CN105725861A,CN105725861A,,3,17
CN105662184B,CN105662184B,,3,19
CN105662184A,CN105662184A,,3,17
CN106031597A,CN106031597A,,3,17
CN105595835A,CN105595835A,,3,17
CN103654475A,CN103654475A,,3,15
CN203828702U,CN203828702U,,2,15
CN105768958A,CN105768958A,,3,17
CN106388645B,CN106388645B,,3,20
CN105725858A,CN105725858A,,3,17
CN105725857A,CN105725857A,,3,17
CN106388645A,CN106388645A,,3,18
CN105725857B,CN105725857B,,3,20
CN205649369U,CN205649369U,,2,17
CN109419395A,CN109419395A,,2,20
CN110037584A,CN110037584A,,2,20
CN109419386A,CN109419386A,,2,20
CN110037578A,CN110037578A,,2,20
CN110037579A,CN110037579A,,2,20
CN109419359A,CN109419359A,,2,20
CN109419394A,CN109419394A,,2,20
CN101473915A,CN101473915A,,2,10
CN101849583B,CN101849583B,,3,13
CN101849583A,CN101849583A,,3,11
CN103300157B,CN103300157B,,3,15
CN103190845A,CN103190845A,,3,14
CN103300157A,CN103300157A,,3,14
CN103190845B,CN103190845B,,3,17
CN101632430A,CN101632430A,,2,11
CN105361702B,CN105361702B,,3,19
CN105361702A,CN105361702A,,3,17
RU2588450C2,RU2588450C2,,3,17
WO2012153238A1,WO2012153238A1,,3,13
CN103517659A,CN103517659A,,3,15
CN103517659B,CN103517659B,,3,16
CN101828869A,CN101828869A,,2,11
CN102273510B,CN102273510B,,2,14
CN102273510A,CN102273510A,,3,12
CN103004998B,CN103004998B,,3,16
CN103004998A,CN103004998A,,3,14
CN102273516B,CN102273516B,,3,16
CN102247098A,CN102247098A,,2,12
CN105266595A,CN105266595A,,3,17
CN105310543A,CN105310543A,,3,17
CN105193260A,CN105193260A,,3,16
CN105310543B,CN105310543B,,3,20
CN203987646U,CN203987646U,,2,15
WO2018076435A1,WO2018076435A1,,3,19
CN108013792A,CN108013792A,,3,19
WO2018076436A1,WO2018076436A1,,3,19
US10786117B2,US10786117B2,,3,21
CN108013789B,CN108013789B,,3,22
CN108013789A,CN108013789A,,3,19
CN205006654U,CN205006654U,,2,17
CN107516999A,CN107516999A,,2,18
CN107528465A,CN107528465A,,3,18
CN107516998A,CN107516998A,,2,18
CN107307723A,CN107307723A,,3,18
CN107800287A,CN107800287A,,3,19
CN107528465B,CN107528465B,,3,20
CN101584435A,CN101584435A,,2,10
CN106068081A,CN106068081A,,3,17
CN101879040A,CN101879040A,,2,11
CN102415817B,CN102415817B,,3,14
CN102415817A,CN102415817A,,3,13
CN108514332B,CN108514332B,,3,21
CN109391203A,CN109391203A,,3,20
CN108514332A,CN108514332A,,3,19
CN201683747U,CN201683747U,,2,11
CN102738947A,CN102738947A,,3,13
CN103511630A,CN103511630A,,3,15
CN103799871A,CN103799871A,,3,15
CN103799871B,CN103799871B,,3,17
CN104873105A,CN104873105A,,3,16
CN202112903U,CN202112903U,,2,13
CN107080466A,CN107080466A,,3,18
CN107080462A,CN107080462A,,3,18
CN107080461A,CN107080461A,,3,18
CN106136856A,CN106136856A,,3,17
CN106580036A,CN106580036A,,3,18
CN202172770U,CN202172770U,,2,13
CN109351432A,CN109351432A,,3,20
WO2020238950A1,WO2020238950A1,,3,21
CN109465716A,CN109465716A,,3,20
CN107456120B,CN107456120B,,3,20
CN107456120A,CN107456120A,,3,18
CN202801264U,CN202801264U,,2,14
CN107495835A,CN107495835A,,1,18
CN107495835B,CN107495835B,,1,21
CN107495836A,CN107495836A,,1,18
CN105982575A,CN105982575A,,3,17
CN105982575B,CN105982575B,,3,20
CN202919929U,CN202919929U,,2,14
CN104248342B,CN104248342B,,2,18
CN106136959A,CN106136959A,,2,17
CN104248342A,CN104248342A,,2,15
CN106880282B,CN106880282B,,3,20
CN106880282A,CN106880282A,,3,18
CN101658209A,CN101658209A,,2,11
CN103004999B,CN103004999B,,3,15
CN101953640A,CN101953640A,,3,12
CN103239135A,CN103239135A,,3,14
CN103004999A,CN103004999A,,3,14
TWI539923B,TWI539923B,,3,17
CN103960978A,CN103960978A,,2,15
CN106264127A,CN106264127A,,2,18
CN105767617A,CN105767617A,,2,17
CN106510497A,CN106510497A,,3,18
CN106510496A,CN106510496A,,3,18
CN201197348Y,CN201197348Y,,2,10
CN105286664B,CN105286664B,,3,19
CN104000471A,CN104000471A,,3,15
CN110710898A,CN110710898A,,3,21
CN105286664A,CN105286664A,,3,17
CN201219148Y,CN201219148Y,,2,10
CN106450918A,CN106450918A,,3,18
CN105742884B,CN105742884B,,3,19
CN105742884A,CN105742884A,,3,17
CN104143725A,CN104143725A,,3,15
CN201370070Y,CN201370070Y,,2,10
CN103124511B,CN103124511B,,3,17
CN103124511A,CN103124511A,,3,14
CN107454829A,CN107454829A,,3,18
EP3229649B1,EP3229649B1,,3,21
CN201404079Y,CN201404079Y,,2,11
CN101461507B,CN101461507B,,2,13
CN107581472A,CN107581472A,,3,19
CN102062626B,CN102062626B,,2,13
CN102062626A,CN102062626A,,2,12
CN201414384Y,CN201414384Y,,2,11
CN102389259B,CN102389259B,,3,15
CN102727095A,CN102727095A,,3,13
CN102727095B,CN102727095B,,3,16
CN102389259A,CN102389259A,,3,13
CN201439032U,CN201439032U,,2,11
CN104997426B,CN104997426B,,3,19
CN104997426A,CN104997426A,,3,16
CN106313610A,CN106313610A,,3,18
CN103381306A,CN103381306A,,3,14
CN201533556U,CN201533556U,,2,11
CN103253375B,CN103253375B,,3,17
CN103264771A,CN103264771A,,3,14
CN103264771B,CN103264771B,,3,16
CN103253375A,CN103253375A,,3,14
CN201585864U,CN201585864U,,2,11
CN105816039A,CN105816039A,,3,17
CN105011767A,CN105011767A,,3,16
CN105011767B,CN105011767B,,3,20
CN102188156A,CN102188156A,,3,12
CN201630203U,CN201630203U,,2,11
CN102783917A,CN102783917A,,3,13
CN102783917B,CN102783917B,,3,15
CN103654396B,CN103654396B,,3,17
CN103654396A,CN103654396A,,3,15
CN201668292U,CN201668292U,,2,11
CN105559594A,CN105559594A,,3,17
CN202112902U,CN202112902U,,2,13
CN104433863A,CN104433863A,,3,16
CN202801232U,CN202801232U,,2,14
CN104887090A,CN104887090A,,3,16
CN106580093A,CN106580093A,,3,18
CN106580093B,CN106580093B,,3,20
CN203693305U,CN203693305U,,2,15
CN104115940A,CN104115940A,,2,15
CN104115940B,CN104115940B,,2,17
CN109381062A,CN109381062A,,3,20
CN104825055A,CN104825055A,,1,16
CN203987618U,CN203987618U,,2,15
CN108852058B,CN108852058B,,3,22
CN108852058A,CN108852058A,,3,19
CN109640754A,CN109640754A,,3,20
CN107385802A,CN107385802A,,3,18
CN204232912U,CN204232912U,,2,16
CN108125544A,CN108125544A,,3,19
CN107951425A,CN107951425A,,3,19
CN105212744B,CN105212744B,,3,19
CN105212744A,CN105212744A,,3,17
CN204931461U,CN204931461U,,2,17
CN106037533A,CN106037533A,,2,17
CN106037534A,CN106037534A,,2,17
CN106037534B,CN106037534B,,2,20
CN106037535A,CN106037535A,,2,17
CN101416839A,CN101416839A,,2,10
CN101763984B,CN101763984B,,1,13
CN102662266A,CN102662266A,,3,13
CN105720838A,CN105720838A,,3,17
CN102225012A,CN102225012A,,2,12
CN104840100B,CN104840100B,,3,19
CN104840100A,CN104840100A,,3,16
CN105011786A,CN105011786A,,3,16
CN102273512A,CN102273512A,,2,12
CN108742157A,CN108742157A,,3,19
CN105935245A,CN105935245A,,1,17
CN105167657B,CN105167657B,,1,20
CN105167657A,CN105167657A,,1,16
CN105476504A,CN105476504A,,2,17
CN107397455A,CN107397455A,,3,18
WO2021027653A1,WO2021027653A1,,3,22
CN110859533A,CN110859533A,,3,21
CN108294645A,CN108294645A,,3,19
CN108294646A,CN108294646A,,3,19
CN109907714A,CN109907714A,,3,20
CN108415482B,CN108415482B,,3,21
CN108415482A,CN108415482A,,3,19
CN201479866U,CN201479866U,,2,11
CN106419639A,CN106419639A,,3,18
CN104545463A,CN104545463A,,3,16
CN104545463B,CN104545463B,,3,19
CN201617682U,CN201617682U,,2,11
CN111166900A,CN111166900A,,3,21
CN201630198U,CN201630198U,,2,11
CN103908157A,CN103908157A,,3,15
CN103960973A,CN103960973A,,3,15
CN103908157B,CN103908157B,,3,17
CN201631006U,CN201631006U,,2,11
CN112137395A,CN112137395A,,3,21
CN101816512A,CN101816512A,,2,11
CN103486726A,CN103486726A,,3,15
CN201668294U,CN201668294U,,2,11
CN103735170B,CN103735170B,,2,17
CN104939676A,CN104939676A,,3,16
CN103735170A,CN103735170A,,3,15
CN201668296U,CN201668296U,,2,11
CN101879040B,CN101879040B,,2,13
CN102870890A,CN102870890A,,3,14
CN201759364U,CN201759364U,,2,12
CN107495837A,CN107495837A,,3,18
CN107495837B,CN107495837B,,3,21
CN201767772U,CN201767772U,,2,12
CN105342461B,CN105342461B,,3,19
CN105342461A,CN105342461A,,3,17
CN104026983A,CN104026983A,,3,15
CN202035439U,CN202035439U,,2,12
CN102524413A,CN102524413A,,3,13
CN102524413B,CN102524413B,,3,14
CN102429041A,CN102429041A,,3,13
CN202036017U,CN202036017U,,2,12
CN103960977A,CN103960977A,,2,15
CN103960977B,CN103960977B,,2,17
CN202128312U,CN202128312U,,2,13
WO2017161681A1,WO2017161681A1,,3,18
CN103385306A,CN103385306A,,1,14
CN103385306B,CN103385306B,,1,17
CN202232791U,CN202232791U,,2,13
CN103815793A,CN103815793A,,3,15
CN103815793B,CN103815793B,,3,17
CN103349500B,CN103349500B,,3,17
CN202603513U,CN202603513U,,2,13
CN104116405A,CN104116405A,,2,15
CN104115942A,CN104115942A,,3,15
CN105147096A,CN105147096A,,3,16
CN202802969U,CN202802969U,,2,14
CN105266657B,CN105266657B,,3,18
CN105266657A,CN105266657A,,3,17
CN106731237A,CN106731237A,,3,18
CN203024824U,CN203024824U,,2,14
CN108814493A,CN108814493A,,3,19
CN109869756A,CN109869756A,,3,20
CN105768957B,CN105768957B,,3,19
CN203828704U,CN203828704U,,2,15
CN105011755B,CN105011755B,,2,21
CN105011755A,CN105011755A,,2,16
CN203898052U,CN203898052U,,2,15
CN105212737B,CN105212737B,,2,19
CN203898067U,CN203898067U,,2,15
CN105212738B,CN105212738B,,2,19
CN203953317U,CN203953317U,,2,15
CN105747877A,CN105747877A,,3,17
CN105708269A,CN105708269A,,3,17
CN104433804A,CN104433804A,,3,16
CN204318442U,CN204318442U,,2,16
CN105725788A,CN105725788A,,2,17
CN109602299A,CN109602299A,,1,20
CN109846381A,CN109846381A,,1,20
CN205903190U,CN205903190U,,2,18
CN107495864A,CN107495864A,,1,18
CN107495864B,CN107495864B,,1,21
CN109124402A,CN109124402A,,3,20
CN206252329U,CN206252329U,,2,18
CN109381076A,CN109381076A,,3,20
CN109381066A,CN109381066A,,3,20
CN109381064A,CN109381064A,,3,20
CN208371565U,CN208371565U,,2,20
CN109717764A,CN109717764A,,2,20
CN110327510B,CN110327510B,,3,21
CN110327510A,CN110327510A,,3,20
CN105744866B,CN105744866B,,3,19
CN105744866A,CN105744866A,,3,17
CN101862124A,CN101862124A,,2,11
WO2017016015A1,WO2017016015A1,,3,18
CN106136323A,CN106136323A,,3,17
CN106136323B,CN106136323B,,3,20
CN102246861A,CN102246861A,,2,12
CN107319964A,CN107319964A,,3,18
CN103908160A,CN103908160A,,2,15
CN104116401A,CN104116401A,,2,15
CN107198469A,CN107198469A,,3,18
CN105919466B,CN105919466B,,3,20
CN105919466A,CN105919466A,,3,17
CN106264128A,CN106264128A,,2,18
CN106264129B,CN106264129B,,2,21
CN106264128B,CN106264128B,,2,20
CN110618727A,CN110618727A,,3,20
CN106814669A,CN106814669A,,3,18
CN106466117A,CN106466117A,,2,18
CN108903657A,CN108903657A,,3,19
CN108903657B,CN108903657B,,3,21
CN106466135A,CN106466135A,,2,18
CN109730549A,CN109730549A,,3,20
CN107495862A,CN107495862A,,3,18
CN107951388A,CN107951388A,,2,19
CN110575085A,CN110575085A,,2,20
CN110575082A,CN110575082A,,2,20
CN111513548A,CN111513548A,,3,21
CN201216486Y,CN201216486Y,,2,10
CN107374334B,CN107374334B,,3,21
CN107374334A,CN107374334A,,3,18
CN201345887Y,CN201345887Y,,2,10
CN104510353A,CN104510353A,,3,16
CN104510353B,CN104510353B,,3,18
CN201404084Y,CN201404084Y,,2,11
CN201438841U,CN201438841U,,2,11
CN201444885U,CN201444885U,,2,11
CN102178474B,CN102178474B,,3,15
CN102178474A,CN102178474A,,3,12
CN201624531U,CN201624531U,,2,11
CN101946827A,CN101946827A,,2,12
CN104798890A,CN104798890A,,3,16
CN201630197U,CN201630197U,,2,11
CN201630204U,CN201630204U,,2,11
CN201640310U,CN201640310U,,2,11
CN201640311U,CN201640311U,,2,11
CN104188541A,CN104188541A,,2,15
CN103202661A,CN103202661A,,3,14
CN201641637U,CN201641637U,,2,11
CN201805864U,CN201805864U,,2,12
CN105266586A,CN105266586A,,2,17
CN105266586B,CN105266586B,,3,19
CN201806539U,CN201806539U,,2,12
CN102908054A,CN102908054A,,1,14
CN102908054B,CN102908054B,,3,16
CN202035431U,CN202035431U,,2,12
CN202128313U,CN202128313U,,2,13
CN202173261U,CN202173261U,,2,13
CN202211573U,CN202211573U,,2,13
CN108654843B,CN108654843B,,3,21
CN108654843A,CN108654843A,,3,19
CN202286105U,CN202286105U,,2,13
CN105832150A,CN105832150A,,3,17
CN105832150B,CN105832150B,,3,20
CN202604573U,CN202604573U,,2,13
CN202653919U,CN202653919U,,2,14
US10555634B2,US10555634B2,,3,21
WO2017100976A1,WO2017100976A1,,3,18
CN202653931U,CN202653931U,,2,14
CN202815475U,CN202815475U,,2,14
CN109378976A,CN109378976A,,3,20
CN202820960U,CN202820960U,,2,14
CN108113475A,CN108113475A,,1,19
CN202875018U,CN202875018U,,2,14
CN105996819A,CN105996819A,,3,17
CN105996819B,CN105996819B,,3,20
CN203016693U,CN203016693U,,2,14
CN108852057A,CN108852057A,,3,19
CN110013176A,CN110013176A,,3,20
CN203088764U,CN203088764U,,2,14
CN105725808A,CN105725808A,,3,17
WO2015027591A1,WO2015027591A1,,3,16
CN203302871U,CN203302871U,,2,14
CN203555582U,CN203555582U,,2,15
CN106308596A,CN106308596A,,3,18
CN203828703U,CN203828703U,,2,15
CN104756844A,CN104756844A,,3,16
CN104756844B,CN104756844B,,3,19
CN203898074U,CN203898074U,,2,15
CN105310507B,CN105310507B,,2,19
CN105310507A,CN105310507A,,2,17
CN203987621U,CN203987621U,,2,15
CN204133210U,CN204133210U,,2,16
CN106264205A,CN106264205A,,3,18
CN106264205B,CN106264205B,,3,20
CN204318544U,CN204318544U,,2,16
CN108814340A,CN108814340A,,3,19
CN204378903U,CN204378903U,,2,16
CN108568274A,CN108568274A,,3,19
CN105147146A,CN105147146A,,3,16
CN204378920U,CN204378920U,,2,16
CN107495863A,CN107495863A,,1,18
CN107495863B,CN107495863B,,1,21
CN204378942U,CN204378942U,,2,16
CN204378947U,CN204378947U,,2,16
CN106245299B,CN106245299B,,3,19
CN106245299A,CN106245299A,,3,17
CN204698368U,CN204698368U,,2,16
CN107319961A,CN107319961A,,3,18
CN108742108A,CN108742108A,,3,19
CN206239238U,CN206239238U,,2,18
CN2531718Y,CN2531718Y,,2,4
CN111265096A,CN111265096A,,3,21
CN100428907C,CN100428907C,,3,9
CN101455525A,CN101455525A,,2,10
CN101491419B,CN101491419B,,3,13
CN101919448A,CN101919448A,,2,11
CN102160753A,CN102160753A,,2,12
CN110916475A,CN110916475A,,3,21
CN102172255A,CN102172255A,,2,12
CN107028473A,CN107028473A,,3,18
CN103908162A,CN103908162A,,2,15
CN107518078A,CN107518078A,,3,18
CN104116404A,CN104116404A,,2,15
CN110693353A,CN110693353A,,3,21
CN107396976A,CN107396976A,,1,18
CN104997402A,CN104997402A,,2,16
CN108720654A,CN108720654A,,3,19
CN105266590A,CN105266590A,,2,17
CN111053478A,CN111053478A,,3,21
CN105310502A,CN105310502A,,2,17
CN109061895A,CN109061895A,,3,19
CN105676794A,CN105676794A,,2,17
CN110933893A,CN110933893A,,3,21
CN105708318A,CN105708318A,,2,17
CN105996823A,CN105996823A,,3,17
CN105708340A,CN105708340A,,2,17
CN110301840A,CN110301840A,,3,20
CN108065753A,CN108065753A,,3,19
CN106264126B,CN106264126B,,2,20
CN107744347A,CN107744347A,,1,19
TWD194365S,TWD194365S,,3,19
CN106308524A,CN106308524A,,2,18
CN108784425A,CN108784425A,,3,19
CN106548894A,CN106548894A,,2,18
CN107682002A,CN107682002A,,3,19
CN107174122A,CN107174122A,,2,18
CN108514346A,CN108514346A,,1,19
WO2021022778A1,WO2021022778A1,,3,22
CN201101104Y,CN201101104Y,,2,9
CN105249854A,CN105249854A,,1,17
CN201101105Y,CN201101105Y,,2,9
CN101874526B,CN101874526B,,3,13
CN201119402Y,CN201119402Y,,2,9
CN110141176A,CN110141176A,,3,20
CN201403477Y,CN201403477Y,,2,11
CN105167600A,CN105167600A,,2,16
CN201417869Y,CN201417869Y,,2,11
CN102437472A,CN102437472A,,3,13
CN201444899U,CN201444899U,,2,11
CN107980947A,CN107980947A,,3,19
CN201470453U,CN201470453U,,2,11
CN103447133A,CN103447133A,,3,14
CN201533786U,CN201533786U,,2,11
CN103758939A,CN103758939A,,3,15
CN201624102U,CN201624102U,,2,11
CN106538700A,CN106538700A,,3,18
CN201667948U,CN201667948U,,2,11
CN108497926A,CN108497926A,,3,19
CN201806527U,CN201806527U,,2,12
CN101862124B,CN101862124B,,2,13
CN201986611U,CN201986611U,,2,12
CN201986613U,CN201986613U,,2,12
CN105725732A,CN105725732A,,3,17
CN201986619U,CN201986619U,,2,12
CN106333614A,CN106333614A,,3,18
CN201996320U,CN201996320U,,2,12
CN104248333A,CN104248333A,,3,15
CN202036016U,CN202036016U,,2,12
CN202172769U,CN202172769U,,2,13
CN104665600A,CN104665600A,,3,16
CN202198439U,CN202198439U,,2,13
CN107468097A,CN107468097A,,3,18
CN202211568U,CN202211568U,,2,13
CN106175455A,CN106175455A,,3,17
CN202257340U,CN202257340U,,2,13
CN106264090A,CN106264090A,,3,18
CN202287794U,CN202287794U,,2,13
CN105996776A,CN105996776A,,3,17
CN202653920U,CN202653920U,,2,14
CN202653933U,CN202653933U,,2,14
CN104001980A,CN104001980A,,3,15
CN202801229U,CN202801229U,,2,14
CN109199098A,CN109199098A,,3,20
CN202801231U,CN202801231U,,2,14
CN109744902A,CN109744902A,,3,20
CN203263059U,CN203263059U,,2,14
CN105433790A,CN105433790A,,3,17
CN203302873U,CN203302873U,,2,14
CN104188558A,CN104188558A,,3,15
CN203369786U,CN203369786U,,2,15
CN203447120U,CN203447120U,,2,15
CN109431321A,CN109431321A,,3,20
CN203477864U,CN203477864U,,2,15
CN105443873A,CN105443873A,,3,17
CN203555583U,CN203555583U,,2,15
CN103960979A,CN103960979A,,2,15
CN203555584U,CN203555584U,,2,15
CN203693307U,CN203693307U,,2,15
CN203693308U,CN203693308U,,2,15
CN203693319U,CN203693319U,,2,15
CN108354475A,CN108354475A,,3,19
CN203789713U,CN203789713U,,2,15
CN203898056U,CN203898056U,,2,15
CN105193257B,CN105193257B,,2,19
CN203898057U,CN203898057U,,2,15
CN105193256B,CN105193256B,,2,19
CN203898065U,CN203898065U,,2,15
CN105286633B,CN105286633B,,2,19
CN203898070U,CN203898070U,,2,15
CN103908162B,CN103908162B,,2,17
CN203898077U,CN203898077U,,2,15
CN108968722A,CN108968722A,,1,19
CN203987615U,CN203987615U,,2,15
WO2018032988A1,WO2018032988A1,,3,19
CN204049270U,CN204049270U,,2,15
CN204133211U,CN204133211U,,2,16
CN204232899U,CN204232899U,,2,16
CN204232906U,CN204232906U,,2,16
CN107606300A,CN107606300A,,3,19
CN204232913U,CN204232913U,,2,16
CN204232919U,CN204232919U,,2,16
CN204232932U,CN204232932U,,2,16
CN110432744A,CN110432744A,,3,20
CN204318438U,CN204318438U,,2,16
CN204318441U,CN204318441U,,2,16
CN204318443U,CN204318443U,,2,16
CN105725790A,CN105725790A,,2,17
CN204318444U,CN204318444U,,2,16
CN105725789A,CN105725789A,,2,17
CN204378906U,CN204378906U,,2,16
WO2017004940A1,WO2017004940A1,,3,18
CN204378946U,CN204378946U,,2,16
GB2558265A,GB2558265A,,3,19
CN204427696U,CN204427696U,,2,16
CN204520333U,CN204520333U,,2,16
CN111248784A,CN111248784A,,3,21
CN204636034U,CN204636034U,,2,16
CN105376324A,CN105376324A,,3,17
CN204698367U,CN204698367U,,2,16
CN109199075A,CN109199075A,,3,20
CN204722842U,CN204722842U,,2,16
CN204722896U,CN204722896U,,2,16
CN105996791A,CN105996791A,,3,17
CN204765097U,CN204765097U,,2,16
JP6607047B2,JP6607047B2,,3,20
CN204931365U,CN204931365U,,2,17
CN109199144A,CN109199144A,,2,20
CN205006718U,CN205006718U,,2,17
GB2547106A,GB2547106A,,3,18
CN205018894U,CN205018894U,,2,17
CN205031106U,CN205031106U,,2,17
CN110051246A,CN110051246A,,3,20
CN205031110U,CN205031110U,,2,17
CN108852056A,CN108852056A,,3,19
CN205322101U,CN205322101U,,2,17
CN108209629A,CN108209629A,,3,19
CN206213948U,CN206213948U,,2,18
CN109965735A,CN109965735A,,3,20
CN206761555U,CN206761555U,,2,18
CN111407169A,CN111407169A,,3,21
CN207220715U,CN207220715U,,2,19
CN110522275A,CN110522275A,,3,20
CN207627159U,CN207627159U,,2,19
CN109077627A,CN109077627A,,3,19
CN207768230U,CN207768230U,,2,19
CN2484013Y,CN2484013Y,,2,3
CN100466951C,CN100466951C,,3,10
CN1459270A,CN1459270A,,1,4
CN101861896B,CN101861896B,,1,14
CN105537178B,CN105537178B,,3,18
CN101861896A,CN101861896A,,1,11
CN101548745B,CN101548745B,,3,13
CN105537178A,CN105537178A,,3,17
CN105193267A,CN105193267A,,3,16
CN105708317A,CN105708317A,,2,17
CN103960976A,CN103960976A,,2,15
CN105708317B,CN105708317B,,2,20
CN109512284B,CN109512284B,,1,21
CN109512284A,CN109512284A,,1,20
CN101632428B,CN101632428B,,3,13
CN101326980B,CN101326980B,,3,14
CN104837389B,CN104837389B,,3,18
CN105708340B,CN105708340B,,2,20
CN102293256B,CN102293256B,,2,14
CN103263219B,CN103263219B,,1,17
CN103263219A,CN103263219A,,1,14
CN103272675A,CN103272675A,,3,14
CN101579087B,CN101579087B,,3,13
CN102273945A,CN102273945A,,3,12
CN105495563A,CN105495563A,,3,17
CN104837389A,CN104837389A,,3,16
CN105495563B,CN105495563B,,3,20
CN108670061A,CN108670061A,,3,19
CN109452883A,CN109452883A,,3,20
CN106000571A,CN106000571A,,3,17
CN101849650B,CN101849650B,,3,13
CN101103789B,CN101103789B,,3,12
CN102178475A,CN102178475A,,3,12
CN105286635B,CN105286635B,,3,19
CN105286635A,CN105286635A,,3,17
CN105310508B,CN105310508B,,3,20
CN105249857B,CN105249857B,,3,19
CN105193308A,CN105193308A,,3,16
CN105249857A,CN105249857A,,3,17
CN105193308B,CN105193308B,,3,19
CN105286665B,CN105286665B,,3,20
CN105286665A,CN105286665A,,3,17
CN108903695A,CN108903695A,,3,19
CN105266591A,CN105266591A,,3,17
CN105286634A,CN105286634A,,3,17
CN105167616A,CN105167616A,,3,16
CN105286636B,CN105286636B,,3,20
CN105249856B,CN105249856B,,3,19
CN105286636A,CN105286636A,,3,17
CN105249856A,CN105249856A,,3,17
CN106264206A,CN106264206A,,3,18
CN105193307A,CN105193307A,,3,16
CN106264206B,CN106264206B,,3,20
CN105310501A,CN105310501A,,3,17
CN105167656A,CN105167656A,,3,16
CN105167656B,CN105167656B,,3,19
CN105286634B,CN105286634B,,3,19
CN105433791A,CN105433791A,,1,17
CN105433791B,CN105433791B,,1,19
CN101744542A,CN101744542A,,1,11
CN102578911B,CN102578911B,,1,15
CN102578911A,CN102578911A,,3,13
CN106983375A,CN106983375A,,3,18
CN105630042A,CN105630042A,,3,17
CN106572771A,CN106572771A,,3,18
CN106572771B,CN106572771B,,3,21
CN105630042B,CN105630042B,,3,19
CN104337416A,CN104337416A,,3,16
CN107569130B,CN107569130B,,3,21
CN105935246B,CN105935246B,,3,19
CN107569130A,CN107569130A,,3,19
CN105935246A,CN105935246A,,3,17
CN104519774A,CN104519774A,,3,16
CN109380967A,CN109380967A,,3,20
CN108784378A,CN108784378A,,3,19
CN107252258A,CN107252258A,,3,18
CN103989393A,CN103989393A,,3,15
CN106647362A,CN106647362A,,1,18
CN107752763A,CN107752763A,,3,19
CN105935247A,CN105935247A,,1,17
CN107045302A,CN107045302A,,3,18
CN107045302B,CN107045302B,,3,21
CN108013750A,CN108013750A,,3,19
CN107181443A,CN107181443A,,3,18
CN107713756A,CN107713756A,,1,19
CN106667296A,CN106667296A,,3,18
CN109303494A,CN109303494A,,3,20
CN107713820A,CN107713820A,,1,19
CN109303494B,CN109303494B,,3,21
CN106851866A,CN106851866A,,3,18
CN106647362B,CN106647362B,,1,20
CN107713756B,CN107713756B,,1,21
CN109846380A,CN109846380A,,3,20
CN108836138A,CN108836138A,,3,19
CN202919922U,CN202919922U,,1,14
CN108294947B,CN108294947B,,3,21
CN108294947A,CN108294947A,,3,19
CN108158815A,CN108158815A,,3,19
CN108056920A,CN108056920A,,3,19
CN108283575A,CN108283575A,,3,19
CN108324571B,CN108324571B,,3,21
CN108324571A,CN108324571A,,3,19
CN108283575B,CN108283575B,,3,21
CN108175699A,CN108175699A,,3,19
CN108186352B,CN108186352B,,3,21
CN108186352A,CN108186352A,,3,19
CN108338922A,CN108338922A,,3,19
CN108078784B,CN108078784B,,3,21
CN108338922B,CN108338922B,,3,21
CN108078782A,CN108078782A,,3,19
CN108078785A,CN108078785A,,3,19
CN108078784A,CN108078784A,,3,19
CN108078785B,CN108078785B,,3,21
CN108379075A,CN108379075A,,3,19
CN108379075B,CN108379075B,,3,21
CN101715835A,CN101715835A,,1,11
CN102987925B,CN102987925B,,2,17
CN102273514A,CN102273514A,,1,12
CN108309041A,CN108309041A,,3,19
CN104116401B,CN104116401B,,2,16
CN102204789A,CN102204789A,,1,12
CN107174109A,CN107174109A,,2,18
CN105942888A,CN105942888A,,1,17
CN105942888B,CN105942888B,,1,21
CN107581889A,CN107581889A,,2,19
CN101427747A,CN101427747A,,1,10
CN102240176B,CN102240176B,,3,14
CN101785504A,CN101785504A,,1,11
TWI468133B,TWI468133B,,3,16
CN101606823B,CN101606823B,,3,13
CN105832196B,CN105832196B,,3,20
TWI449511B,TWI449511B,,3,15
CN102240176A,CN102240176A,,3,12
CN101632429B,CN101632429B,,3,13
CN101606662B,CN101606662B,,3,13
CN102239923A,CN102239923A,,3,12
CN107864238B,CN107864238B,,3,21
CN107864238A,CN107864238A,,3,19
CN105832196A,CN105832196A,,3,17
CN102217899A,CN102217899A,,3,12
CN102239923B,CN102239923B,,3,14
CN103425153A,CN103425153A,,3,14
CN103425153B,CN103425153B,,3,17
CN105941635A,CN105941635A,,3,17
CN105377052A,CN105377052A,,3,17
CN105377052B,CN105377052B,,3,21
CN202537179U,CN202537179U,,1,13
CN104337417A,CN104337417A,,3,16
CN105877533A,CN105877533A,,1,17
CN105877533B,CN105877533B,,1,19
CN1613410A,CN1613410A,,1,6
AU2008241221C9,AU2008241221C9,,3,14
CN100484449C,CN100484449C,,1,10
CN100425185C,CN100425185C,,1,9
CN101637241B,CN101637241B,,1,13
CN101352302B,CN101352302B,,3,11
JP5788172B2,JP5788172B2,,3,16
JP2010524523A,JP2010524523A,,3,11
US8342079B2,US8342079B2,,3,14
CN106510462A,CN106510462A,,3,18
CN106510462B,CN106510462B,,3,20
AU2008241221B2,AU2008241221B2,,3,14
WO2008128467A1,WO2008128467A1,,1,9
AU2008241221C1,AU2008241221C1,,3,14
CN100479714C,CN100479714C,,3,10
CN100544645C,CN100544645C,,3,10
CN101028170A,CN101028170A,,1,8
CN101485419B,CN101485419B,,3,13
CN103479244B,CN103479244B,,3,16
CN105212737A,CN105212737A,,3,17
CN105212738A,CN105212738A,,3,17
CN103479244A,CN103479244A,,3,15
CN105286633A,CN105286633A,,3,17
CN107665003A,CN107665003A,,3,19
CN109758003A,CN109758003A,,3,20
CN105411430A,CN105411430A,,1,17
CN108324102A,CN108324102A,,3,19
CN108324102B,CN108324102B,,3,21
CN108577592A,CN108577592A,,3,19
CN108852053A,CN108852053A,,3,19
CN108309042A,CN108309042A,,3,19
CN107928381A,CN107928381A,,3,19
CN202474381U,CN202474381U,,1,13
CN103414074A,CN103414074A,,3,14
CN103405157A,CN103405157A,,3,14
CN103405157B,CN103405157B,,3,16
CN103457129B,CN103457129B,,3,18
CN103457128A,CN103457128A,,3,14
CN103457129A,CN103457129A,,3,14
CN103441394B,CN103441394B,,3,16
CN103441396B,CN103441396B,,3,16
CN103441394A,CN103441394A,,3,14
CN103441397A,CN103441397A,,3,14
CN103441397B,CN103441397B,,3,16
CN103441396A,CN103441396A,,3,14
CN103457130B,CN103457130B,,3,17
CN103457130A,CN103457130A,,3,14
CN102835458A,CN102835458A,,3,13
CN102948487B,CN102948487B,,3,15
CN103932591B,CN103932591B,,2,17
CN102948487A,CN102948487A,,3,14
CN102727096A,CN102727096A,,1,13
CN102613900A,CN102613900A,,3,13
CN1306762A,CN1306762A,,1,2
CN101366484A,CN101366484A,,3,10
CN102160575B,CN102160575B,,3,13
CN101504553B,CN101504553B,,3,12
CN103141795A,CN103141795A,,3,14
CN102357350A,CN102357350A,,3,13
CN102357350B,CN102357350B,,3,15
CN101507576B,CN101507576B,,3,12
CN102793017A,CN102793017A,,3,13
CN201315834Y,CN201315834Y,,1,10
CN101427747B,CN101427747B,,1,13
CN102204786B,CN102204786B,,3,14
CN102204786A,CN102204786A,,3,12
CN105708322A,CN105708322A,,2,17
CN102860752A,CN102860752A,,3,14
CN105708320A,CN105708320A,,2,17
CN105708339A,CN105708339A,,2,17
CN105708318B,CN105708318B,,2,20
CN203493439U,CN203493439U,,1,15
CN108236408A,CN108236408A,,1,19
CN106923678A,CN106923678A,,1,18
CN101011217A,CN101011217A,,1,8
CN101650554B,CN101650554B,,3,12
CN106859396A,CN106859396A,,3,18
CN109303483A,CN109303483A,,3,20
CN106859396B,CN106859396B,,3,20
CN111728482A,CN111728482A,,3,21
CN101721130B,CN101721130B,,3,12
CN111728482B,CN111728482B,,3,22
CN101589784A,CN101589784A,,1,10
CN107080464B,CN107080464B,,3,21
CN105455601A,CN105455601A,,3,17
CN104970715B,CN104970715B,,3,18
CN104970715A,CN104970715A,,3,16
CN102098329A,CN102098329A,,1,12
CN101744542B,CN101744542B,,1,13
CN104545464A,CN104545464A,,3,16
CN108309046A,CN108309046A,,3,19
CN103405153A,CN103405153A,,1,14
CN109589015A,CN109589015A,,3,20
CN105686699A,CN105686699A,,3,17
CN105686699B,CN105686699B,,3,20
CN105700573B,CN105700573B,,3,20
CN105700573A,CN105700573A,,3,17
CN107132779A,CN107132779A,,1,18
CN106975561A,CN106975561A,,3,18
CN105942887A,CN105942887A,,3,17
CN107132779B,CN107132779B,,1,20
CN202635474U,CN202635474U,,1,14
CN107550284A,CN107550284A,,1,19
CN104799701B,CN104799701B,,1,17
CN104799701A,CN104799701A,,1,16
CN107198470A,CN107198470A,,3,18
CN111000420A,CN111000420A,,3,21
CN107184104A,CN107184104A,,3,18
CN107184105B,CN107184105B,,3,21
CN107198470B,CN107198470B,,3,21
CN107184105A,CN107184105A,,3,18
CN101028171A,CN101028171A,,1,8
CN101194693B,CN101194693B,,1,11
CN101124971B,CN101124971B,,3,11
CN101243849B,CN101243849B,,1,12
CN101874708B,CN101874708B,,3,14
CN101803638B,CN101803638B,,3,14
CN102247098B,CN102247098B,,2,16
CN105832198A,CN105832198A,,3,17
CN105832198B,CN105832198B,,3,20
CN101803638A,CN101803638A,,3,11
CN102106402A,CN102106402A,,1,12
CN104116402B,CN104116402B,,2,16
CN107174109B,CN107174109B,,2,21
CN104116402A,CN104116402A,,2,15
CN103462498A,CN103462498A,,3,14
CN201026150Y,CN201026150Y,,1,9
CN105193257A,CN105193257A,,2,16
CN201733782U,CN201733782U,,1,12
CN102188159B,CN102188159B,,3,14
CN102228088A,CN102228088A,,3,12
CN102228088B,CN102228088B,,3,14
CN102188159A,CN102188159A,,3,12
WO2013160825A3,WO2013160825A3,,3,15
CN102204787A,CN102204787A,,3,12
CN102188160A,CN102188160A,,3,12
CN102204788A,CN102204788A,,3,12
CN102204787B,CN102204787B,,3,14
CN104244782A,CN104244782A,,3,15
CN202104175U,CN202104175U,,1,13
CN103417117A,CN103417117A,,3,14
CN102824107B,CN102824107B,,1,16
CN102824107A,CN102824107A,,1,13
CN103417117B,CN103417117B,,3,16
CN102885161B,CN102885161B,,1,15
CN102715842A,CN102715842A,,3,13
CN102715842B,CN102715842B,,3,15
CN102885161A,CN102885161A,,1,14
CN103385305A,CN103385305A,,1,14
CN103385305B,CN103385305B,,1,17
CN104042113A,CN104042113A,,1,15
CN2540148Y,CN2540148Y,,1,4
CN101642219B,CN101642219B,,3,13
CN101449784B,CN101449784B,,3,13
EP1836905B1,EP1836905B1,,3,15
EP2545830B1,EP2545830B1,,3,15
FR2977779A1,FR2977779A1,,3,14
CN102871543A,CN102871543A,,3,14
EP1836905A1,EP1836905A1,,3,8
WO2006056141A1,WO2006056141A1,,3,7
CN102871543B,CN102871543B,,3,18
EP2545830A1,EP2545830A1,,3,14
CN101579074A,CN101579074A,,1,10
CN107625446A,CN107625446A,,3,19
CN107949305A,CN107949305A,,3,19
CN104905677A,CN104905677A,,3,16
CN110301839A,CN110301839A,,3,20
CN104872540A,CN104872540A,,3,16
CN101869147A,CN101869147A,,3,11
CN107223713A,CN107223713A,,3,18
CN102144889A,CN102144889A,,1,12
CN102210347A,CN102210347A,,1,12
CN105980062B,CN105980062B,,3,21
CN102356781A,CN102356781A,,3,13
CN106724948A,CN106724948A,,3,18
CN106963252A,CN106963252A,,3,18
CN106963252B,CN106963252B,,3,20
CN108308418A,CN108308418A,,3,19
CN105980062A,CN105980062A,,3,17
US10383480B2,US10383480B2,,3,20
CN102941146B,CN102941146B,,3,16
CN102941146A,CN102941146A,,3,14
CN103654397A,CN103654397A,,1,15
CN106308580B,CN106308580B,,3,20
CN106308580A,CN106308580A,,3,18
CN105615700A,CN105615700A,,3,17
CN105615700B,CN105615700B,,3,18
CN106889911A,CN106889911A,,3,18
CN106889912B,CN106889912B,,3,21
CN106889912A,CN106889912A,,3,18
CN106889911B,CN106889911B,,3,20
CN201197345Y,CN201197345Y,,1,10
CN101797525B,CN101797525B,,3,12
CN101797525A,CN101797525A,,3,11
CN101919447A,CN101919447A,,3,11
CN101919447B,CN101919447B,,3,16
CN201701046U,CN201701046U,,1,12
CN105902186A,CN105902186A,,3,17
CN105902185A,CN105902185A,,3,17
CN103690040A,CN103690040A,,3,15
CN105903380A,CN105903380A,,3,17
CN104970701A,CN104970701A,,3,16
CN109199072A,CN109199072A,,3,20
CN102973151B,CN102973151B,,3,16
CN109106237A,CN109106237A,,3,20
CN109106238A,CN109106238A,,3,20
CN201797920U,CN201797920U,,1,12
CN105942860A,CN105942860A,,3,17
CN102423240A,CN102423240A,,3,13
CN109480622A,CN109480622A,,3,20
CN103006063B,CN103006063B,,3,16
CN107866174A,CN107866174A,,3,19
CN103006063A,CN103006063A,,3,14
CN201879476U,CN201879476U,,1,12
WO2011153946A1,WO2011153946A1,,1,12
CN105147097B,CN105147097B,,3,19
CN105147097A,CN105147097A,,3,16
CN104304495B,CN104304495B,,3,18
CN203040575U,CN203040575U,,1,14
CN103876623B,CN103876623B,,1,17
CN103876623A,CN103876623A,,1,15
CN203815263U,CN203815263U,,1,15
CN105395046A,CN105395046A,,3,17
CN105395046B,CN105395046B,,3,20
CN101715834A,CN101715834A,,1,11
CN102132739B,CN102132739B,,3,13
CN102132739A,CN102132739A,,3,12
CN103082014A,CN103082014A,,3,14
CN103651893A,CN103651893A,,3,15
CN103651893B,CN103651893B,,3,16
CN105076978A,CN105076978A,,3,16
CN102334554A,CN102334554A,,3,13
CN103082014B,CN103082014B,,3,14
CN105851241A,CN105851241A,,3,17
CN106264112A,CN106264112A,,3,18
CN106264112B,CN106264112B,,3,19
CN106466118A,CN106466118A,,2,18
CN107411535A,CN107411535A,,3,18
CN107411535B,CN107411535B,,3,21
CN103719286A,CN103719286A,,1,15
CN105249853A,CN105249853A,,1,17
CN105996824A,CN105996824A,,3,17
CN106108649A,CN106108649A,,3,17
CN107802173A,CN107802173A,,3,19
CN104545456A,CN104545456A,,1,16
CN107440558A,CN107440558A,,3,18
CN104886257A,CN104886257A,,3,16
CN107224209A,CN107224209A,,3,18
CN105962802A,CN105962802A,,3,17
CN109419403A,CN109419403A,,3,20
CN107960873A,CN107960873A,,3,19
CN108784446A,CN108784446A,,3,19
CN107960858A,CN107960858A,,3,19
CN110584462A,CN110584462A,,3,20
CN109211981A,CN109211981A,,3,20
CN107319966A,CN107319966A,,3,18
CN107319966B,CN107319966B,,3,20
CN108451367A,CN108451367A,,3,19
CN200984089Y,CN200984089Y,,1,8
CN106989177A,CN106989177A,,3,18
CN102072191A,CN102072191A,,3,12
CN105942860B,CN105942860B,,3,20
TWI540991B,TWI540991B,,3,17
CN104706234A,CN104706234A,,3,16
CN101647536A,CN101647536A,,3,11
CN104706234B,CN104706234B,,3,18
CN202456261U,CN202456261U,,1,13
CN105433825B,CN105433825B,,3,19
CN107997629A,CN107997629A,,3,19
CN105433793B,CN105433793B,,3,19
CN105433793A,CN105433793A,,3,17
CN108209628A,CN108209628A,,3,19
CN108042016A,CN108042016A,,3,19
CN105433825A,CN105433825A,,3,17
CN106264204A,CN106264204A,,3,18
CN203263056U,CN203263056U,,1,14
CN105411430B,CN105411430B,,1,19
CN105455643B,CN105455643B,,1,20
CN105455643A,CN105455643A,,1,17
CN108236407A,CN108236407A,,1,19
CN203447136U,CN203447136U,,1,15
CN106343900A,CN106343900A,,3,18
CN106343900B,CN106343900B,,3,20
CN2722791Y,CN2722791Y,,1,6
CN105610355A,CN105610355A,,3,17
CN100462034C,CN100462034C,,3,10
CN100462032C,CN100462032C,,3,10
CN103892727B,CN103892727B,,3,17
CN101048019A,CN101048019A,,1,8
CN101904692A,CN101904692A,,3,11
US10085305B2,US10085305B2,,3,19
WO2017133150A1,WO2017133150A1,,3,18
EP3297396B1,EP3297396B1,,3,21
CN107509264A,CN107509264A,,3,18
CN105526607A,CN105526607A,,3,17
CN108645474A,CN108645474A,,3,19
CN105848487A,CN105848487A,,3,17
CN104840097A,CN104840097A,,3,16
CN102550690A,CN102550690A,,1,13
CN105987736B,CN105987736B,,3,20
CN105615507A,CN105615507A,,3,17
CN105987736A,CN105987736A,,3,17
CN107616722A,CN107616722A,,3,19
CN111802933A,CN111802933A,,3,21
CN103860049A,CN103860049A,,3,15
CN105011789A,CN105011789A,,3,16
CN103860049B,CN103860049B,,3,17
CN106691144A,CN106691144A,,3,18
CN104545455A,CN104545455A,,1,16
CN108784282A,CN108784282A,,2,19
CN108784282B,CN108784282B,,2,21
CN107027896A,CN107027896A,,3,18
CN107258913A,CN107258913A,,1,18
CN107898323A,CN107898323A,,1,19
CN109770744A,CN109770744A,,3,20
CN108814338A,CN108814338A,,1,19
CN1857142A,CN1857142A,,1,7
CN103536199A,CN103536199A,,3,15
CN101507480B,CN101507480B,,3,12
CN101485422B,CN101485422B,,3,12
CN109044132A,CN109044132A,,3,19
CN101028169B,CN101028169B,,1,13
CN201026094Y,CN201026094Y,,1,9
CN101779920A,CN101779920A,,3,11
CN101779920B,CN101779920B,,3,13
CN102613878B,CN102613878B,,3,16
CN102613878A,CN102613878A,,3,13
CN102885160A,CN102885160A,,1,14
CN102240177A,CN102240177A,,3,12
CN102885160B,CN102885160B,,1,15
CN201403473Y,CN201403473Y,,1,11
CN201805866U,CN201805866U,,1,12
CN109939776A,CN109939776A,,3,20
CN109939776B,CN109939776B,,3,21
CN102210347B,CN102210347B,,3,14
CN109999976A,CN109999976A,,3,20
CN109999976B,CN109999976B,,3,21
CN103654397B,CN103654397B,,3,17
CN201987314U,CN201987314U,,1,12
CN105662186A,CN105662186A,,3,17
CN106704588B,CN106704588B,,3,19
CN103040362A,CN103040362A,,3,14
CN108392108A,CN108392108A,,3,19
CN106704588A,CN106704588A,,3,18
CN201987331U,CN201987331U,,1,12
EP3078306B1,EP3078306B1,,3,19
US9848728B2,US9848728B2,,3,18
CN103156523A,CN103156523A,,3,14
CN108312378A,CN108312378A,,3,19
CN106037486A,CN106037486A,,3,17
CN106037486B,CN106037486B,,3,21
EP3078306A1,EP3078306A1,,3,17
CN105768844A,CN105768844A,,3,17
CN202286106U,CN202286106U,,1,13
CN109419322A,CN109419322A,,2,20
CN109419301A,CN109419301A,,2,20
CN109419302A,CN109419302A,,3,20
CN109419357A,CN109419357A,,3,20
CN109419404A,CN109419404A,,2,20
CN110604462A,CN110604462A,,3,20
CN109419360A,CN109419360A,,3,20
CN202457893U,CN202457893U,,1,13
CN108309092A,CN108309092A,,3,19
CN108309092B,CN108309092B,,3,21
CN111248735A,CN111248735A,,3,21
CN107660617A,CN107660617A,,3,19
CN108309089A,CN108309089A,,3,19
CN108309088A,CN108309088A,,3,19
CN202760086U,CN202760086U,,1,14
CN106923700A,CN106923700A,,3,18
CN106923703A,CN106923703A,,3,18
CN104545460A,CN104545460A,,3,16
CN204215241U,CN204215241U,,1,16
WO2017214929A1,WO2017214929A1,,3,18
CN108803396A,CN108803396A,,3,19
CN104836859A,CN104836859A,,3,16
CN104836859B,CN104836859B,,3,20
CN105959968A,CN105959968A,,3,17
CN105959968B,CN105959968B,,3,20
CN105520633A,CN105520633A,,3,17
CN108628198A,CN108628198A,,3,19
CN102028158A,CN102028158A,,1,12
CN102327058A,CN102327058A,,3,13
CN102327058B,CN102327058B,,3,15
CN107173447A,CN107173447A,,3,18
CN102273515A,CN102273515A,,3,12
CN103082079A,CN103082079A,,3,14
WO2015154239A1,WO2015154239A1,,3,16
CN109008635A,CN109008635A,,3,19
CN106032067A,CN106032067A,,3,17
CN104199345A,CN104199345A,,1,15
CN104199345B,CN104199345B,,1,18
CN106032067B,CN106032067B,,3,19
CN108348101A,CN108348101A,,3,19
CN106943012A,CN106943012A,,3,18
CN107396976B,CN107396976B,,1,21
CN102986891A,CN102986891A,,1,14
CN103719286B,CN103719286B,,1,16
CN106175438A,CN106175438A,,3,17
CN103750752B,CN103750752B,,3,18
CN103750752A,CN103750752A,,3,15
CN107821610A,CN107821610A,,3,19
CN112099550A,CN112099550A,,3,21
CN111012175A,CN111012175A,,3,21
CN110393458A,CN110393458A,,3,20
CN109805735A,CN109805735A,,3,20
CN108563262A,CN108563262A,,3,19
CN1237402A,CN1237402A,,1,0
WO2010081253A1,WO2010081253A1,,3,11
US8028617B2,US8028617B2,,3,12
CN102805557A,CN102805557A,,3,13
CN201026123Y,CN201026123Y,,1,9
CN103269609A,CN103269609A,,3,14
CN201135361Y,CN201135361Y,,1,9
CN102553699A,CN102553699A,,3,13
CN102553699B,CN102553699B,,3,17
CN201879497U,CN201879497U,,1,12
CN103676994A,CN103676994A,,3,15
CN103386770A,CN103386770A,,3,14
CN103654365A,CN103654365A,,3,15
CN110244681A,CN110244681A,,3,20
CN109199158A,CN109199158A,,3,20
CN103654365B,CN103654365B,,3,17
CN103783997B,CN103783997B,,3,17
CN201987329U,CN201987329U,,1,12
CN103092121B,CN103092121B,,3,16
CN108170037A,CN108170037A,,3,19
CN110518655A,CN110518655A,,3,20
CN103092121A,CN103092121A,,3,14
CN109222682A,CN109222682A,,3,20
CN109222651A,CN109222651A,,3,20
CN108983643A,CN108983643A,,3,19
CN202197760U,CN202197760U,,1,13
CN107884028A,CN107884028A,,3,19
CN107884028B,CN107884028B,,3,22
CN103405153B,CN103405153B,,1,16
CN107884030A,CN107884030A,,3,19
CN202456262U,CN202456262U,,1,13
CN105559592A,CN105559592A,,3,17
CN105559592B,CN105559592B,,3,19
CN203226646U,CN203226646U,,1,14
CN108043704A,CN108043704A,,3,19
CN103654398A,CN103654398A,,1,15
CN103989420A,CN103989420A,,3,15
CN103989420B,CN103989420B,,3,17
CN203378961U,CN203378961U,,1,15
CN105982582A,CN105982582A,,3,17
CN105982580A,CN105982580A,,3,17
CN105982579A,CN105982579A,,3,17
CN105361739A,CN105361739A,,3,17
CN104433808A,CN104433808A,,3,16
CN105982576A,CN105982576A,,3,17
CN203815262U,CN203815262U,,1,15
CN204049268U,CN204049268U,,1,15
CN110301827A,CN110301827A,,3,20
CN106325203A,CN106325203A,,3,18
CN106308500A,CN106308500A,,3,18
CN2904871Y,CN2904871Y,,1,8
CN101816523A,CN101816523A,,3,11
CN106153421A,CN106153421A,,3,17
CN102217898B,CN102217898B,,3,14
CN102217898A,CN102217898A,,3,12
CN109950718A,CN109950718A,,3,20
CN101028169A,CN101028169A,,1,8
CN101926610B,CN101926610B,,3,12
CN101926610A,CN101926610A,,3,11
CN107095597A,CN107095597A,,3,18
CN103859050A,CN103859050A,,3,15
CN109008684A,CN109008684A,,3,19
TWI501743B,TWI501743B,,3,16
CN102273934B,CN102273934B,,3,16
CN102388978A,CN102388978A,,1,13
CN109150015A,CN109150015A,,3,20
CN102273934A,CN102273934A,,3,12
EP3706305A1,EP3706305A1,,3,21
CN105911889A,CN105911889A,,3,17
CN107296480A,CN107296480A,,3,18
CN201026124Y,CN201026124Y,,1,9
CN103431745B,CN103431745B,,3,17
CN103431745A,CN103431745A,,3,14
CN105078253A,CN105078253A,,3,16
CN101461665B,CN101461665B,,3,12
CN102670094A,CN102670094A,,3,13
CN101579074B,CN101579074B,,1,13
CN201163977Y,CN201163977Y,,1,9
CN108636918A,CN108636918A,,3,19
CN101194694B,CN101194694B,,1,12
CN101816514A,CN101816514A,,3,11
CN102805558A,CN102805558A,,3,13
CN101849773A,CN101849773A,,3,11
CN103385304A,CN103385304A,,3,14
CN201577480U,CN201577480U,,1,11
CN102067970B,CN102067970B,,3,14
CN102067970A,CN102067970A,,3,12
CN201624537U,CN201624537U,,1,11
CN107884029A,CN107884029A,,3,19
CN102155967A,CN102155967A,,3,12
CN107884029B,CN107884029B,,3,21
CN102155967B,CN102155967B,,3,14
CN104486979A,CN104486979A,,3,16
CN201640312U,CN201640312U,,1,11
CN105979831A,CN105979831A,,3,17
CN105496201A,CN105496201A,,3,17
CN105979831B,CN105979831B,,3,21
CN201641622U,CN201641622U,,1,11
CN104433799A,CN104433799A,,3,16
CN108191018A,CN108191018A,,3,19
CN108191018B,CN108191018B,,3,20
CN108002598A,CN108002598A,,3,19
CN108101182B,CN108101182B,,3,20
CN108101182A,CN108101182A,,3,19
CN201682953U,CN201682953U,,1,11
CN105011790B,CN105011790B,,3,19
CN105011790A,CN105011790A,,3,16
CN201700328U,CN201700328U,,1,12
CN102119832A,CN102119832A,,3,12
CN105852051A,CN105852051A,,3,17
CN107951415A,CN107951415A,,3,19
CN102845527A,CN102845527A,,3,14
CN105962093A,CN105962093A,,3,17
CN201766982U,CN201766982U,,1,12
CN104566739B,CN104566739B,,3,18
CN109425407A,CN109425407A,,3,20
CN108652440A,CN108652440A,,3,19
CN108175344A,CN108175344A,,3,19
CN104566739A,CN104566739A,,3,16
CN202234794U,CN202234794U,,1,13
CN108888084A,CN108888084A,,3,19
CN108888084B,CN108888084B,,3,22
WO2019205675A1,WO2019205675A1,,3,20
CN108968725B,CN108968725B,,3,22
CN108968725A,CN108968725A,,3,19
CN203468332U,CN203468332U,,1,15
CN205162780U,CN205162780U,,1,17
CN106216063B,CN106216063B,,3,19
CN106216063A,CN106216063A,,3,17
CN109998394A,CN109998394A,,3,20
CN205286033U,CN205286033U,,1,17
CN106955024A,CN106955024A,,3,18
CN106943021A,CN106943021A,,3,18
CN205795516U,CN205795516U,,1,17
CN107471255A,CN107471255A,,3,18
CN2750748Y,CN2750748Y,,1,7
CN101352319B,CN101352319B,,3,11
CN105030061A,CN105030061A,,3,16
CN105147142A,CN105147142A,,3,16
CN101194694A,CN101194694A,,1,9
CN103462501B,CN103462501B,,3,16
CN104739246B,CN104739246B,,3,18
CN103462501A,CN103462501A,,3,14
CN104739246A,CN104739246A,,3,16
CN101291553A,CN101291553A,,1,9
CN102254652B,CN102254652B,,3,14
CN101647536B,CN101647536B,,3,16
CN107140934A,CN107140934A,,3,18
CN102254652A,CN102254652A,,3,12
CN101763984A,CN101763984A,,1,11
WO2019148633A1,WO2019148633A1,,3,20
CN102064047B,CN102064047B,,3,14
CN102064047A,CN102064047A,,3,12
CN102540070A,CN102540070A,,3,13
CN102540070B,CN102540070B,,3,14
CN102360230A,CN102360230A,,1,13
CN107374407B,CN107374407B,,1,21
CN103654416A,CN103654416A,,3,15
CN103654416B,CN103654416B,,3,17
CN104146599A,CN104146599A,,3,15
CN108497952A,CN108497952A,,3,19
WO2013159488A1,WO2013159488A1,,3,14
CN106419644A,CN106419644A,,3,18
CN107579685A,CN107579685A,,3,19
CN107951727A,CN107951727A,,3,19
CN107307089A,CN107307089A,,3,18
CN107549321A,CN107549321A,,3,19
CN107485289A,CN107485289A,,1,18
CN107485289B,CN107485289B,,1,20
CN200984088Y,CN200984088Y,,1,8
CN102210547B,CN102210547B,,3,14
WO2010094152A1,WO2010094152A1,,3,11
CN102210547A,CN102210547A,,3,12
WO2015100709A1,WO2015100709A1,,3,16
CN200987586Y,CN200987586Y,,1,8
CN100470943C,CN100470943C,,1,10
CN102578938B,CN102578938B,,3,15
CN102578938A,CN102578938A,,3,13
US9271600B2,US9271600B2,,3,17
CN102639035A,CN102639035A,,3,13
CN201057961Y,CN201057961Y,,1,9
CN101647534B,CN101647534B,,1,13
CN102397020B,CN102397020B,,3,16
CN106264136A,CN106264136A,,3,18
CN106264136B,CN106264136B,,3,19
CN102397020A,CN102397020A,,3,13
CN201197347Y,CN201197347Y,,1,10
CN106235909A,CN106235909A,,3,17
CN108324139A,CN108324139A,,3,19
CN106108704A,CN106108704A,,3,17
CN106108704B,CN106108704B,,3,19
CN201234887Y,CN201234887Y,,1,10
CN101623071B,CN101623071B,,1,13
CN103799896B,CN103799896B,,3,17
CN101623071A,CN101623071A,,1,11
CN104305873A,CN104305873A,,3,16
CN103799896A,CN103799896A,,3,15
CN201234888Y,CN201234888Y,,1,10
CN101703366B,CN101703366B,,3,13
CN105266590B,CN105266590B,,2,20
CN201640317U,CN201640317U,,1,11
CN102113572A,CN102113572A,,3,12
CN103505045B,CN103505045B,,3,17
CN105105638A,CN105105638A,,3,16
CN201641620U,CN201641620U,,1,11
CN104660009A,CN104660009A,,3,16
CN102183381B,CN102183381B,,3,14
CN102342326B,CN102342326B,,3,15
CN102183381A,CN102183381A,,3,12
CN102342326A,CN102342326A,,3,13
CN201641625U,CN201641625U,,1,11
CN105054783A,CN105054783A,,3,16
CN105105631A,CN105105631A,,3,16
CN201734546U,CN201734546U,,1,12
CN109419304A,CN109419304A,,3,20
CN102823656A,CN102823656A,,1,13
CN102823656B,CN102823656B,,1,16
CN110393462A,CN110393462A,,3,20
CN201805865U,CN201805865U,,1,12
CN106923702B,CN106923702B,,3,20
CN106923702A,CN106923702A,,3,18
CN107865595A,CN107865595A,,3,19
CN106308577A,CN106308577A,,3,18
CN202069441U,CN202069441U,,1,12
CN202161195U,CN202161195U,,1,13
CN104352165A,CN104352165A,,3,16
CN202234833U,CN202234833U,,1,13
CN102998516B,CN102998516B,,3,16
CN104080226B,CN104080226B,,3,17
CN104701780B,CN104701780B,,3,19
CN104360699A,CN104360699A,,3,16
CN104080226A,CN104080226A,,3,15
CN202456258U,CN202456258U,,1,13
CN105496206A,CN105496206A,,3,17
CN110005864B,CN110005864B,,3,21
CN109998395A,CN109998395A,,3,20
CN110005864A,CN110005864A,,3,20
CN202456259U,CN202456259U,,1,13
CN108704755A,CN108704755A,,3,19
CN109645853B,CN109645853B,,3,21
CN109645853A,CN109645853A,,3,20
CN106618200A,CN106618200A,,3,18
CN108962209A,CN108962209A,,3,19
CN202457900U,CN202457900U,,1,13
CN202504115U,CN202504115U,,1,13
CN108143250A,CN108143250A,,3,19
CN107890275A,CN107890275A,,3,19
CN108309025A,CN108309025A,,3,19
CN202537191U,CN202537191U,,1,13
CN109806941A,CN109806941A,,3,20
CN109806941B,CN109806941B,,3,21
CN102773131A,CN102773131A,,3,13
CN202664140U,CN202664140U,,1,14
CN202723566U,CN202723566U,,1,14
CN107374316A,CN107374316A,,3,18
CN108514068A,CN108514068A,,3,19
CN107637748A,CN107637748A,,3,19
CN202761036U,CN202761036U,,1,14
CN105380522A,CN105380522A,,3,17
CN104433827A,CN104433827A,,3,16
CN202761065U,CN202761065U,,1,14
CN108531852A,CN108531852A,,3,19
CN108531852B,CN108531852B,,3,21
CN106618147A,CN106618147A,,3,18
CN110432786A,CN110432786A,,3,20
CN104172935A,CN104172935A,,3,15
CN202772858U,CN202772858U,,1,14
CN106292352A,CN106292352A,,2,18
CN103746679B,CN103746679B,,3,18
CN203351813U,CN203351813U,,1,14
CN104319517A,CN104319517A,,3,16
CN105762546A,CN105762546A,,3,17
CN109546481A,CN109546481A,,3,20
CN105762546B,CN105762546B,,3,20
CN109586114A,CN109586114A,,3,20
CN203885310U,CN203885310U,,1,15
CN109459114A,CN109459114A,,3,20
CN106955062A,CN106955062A,,3,18
CN111493775A,CN111493775A,,3,21
CN108290478A,CN108290478A,,3,19
CN203885311U,CN203885311U,,1,15
CN109998390A,CN109998390A,,3,20
CN204218682U,CN204218682U,,1,16
CN105455687B,CN105455687B,,3,19
CN105455687A,CN105455687A,,3,17
CN2666552Y,CN2666552Y,,1,5
CN104888907A,CN104888907A,,3,16
CN103469875A,CN103469875A,,3,14
CN108956225A,CN108956225A,,3,19
CN101194693A,CN101194693A,,1,9
CN102177971A,CN102177971A,,3,12
CN101243848A,CN101243848A,,1,9
CN101491317B,CN101491317B,,1,14
WO2014013383A2,WO2014013383A2,,3,15
WO2014013383A3,WO2014013383A3,,3,15
CN101716053A,CN101716053A,,1,11
CN101843442A,CN101843442A,,1,11
CN102742662A,CN102742662A,,1,13
CN103445679A,CN103445679A,,3,14
CN103445679B,CN103445679B,,3,17
CN104095547A,CN104095547A,,3,15
CN105982541A,CN105982541A,,3,17
CN109008689A,CN109008689A,,3,19
CN106419544A,CN106419544A,,3,18
CN108685486A,CN108685486A,,3,19
CN108261105A,CN108261105A,,3,19
CN108261113A,CN108261113A,,3,19
CN106955038A,CN106955038A,,3,18
CN106235905B,CN106235905B,,3,19
CN106955038B,CN106955038B,,3,20
CN106235905A,CN106235905A,,3,17
CN108158422A,CN108158422A,,3,19
CN108309039A,CN108309039A,,3,19
CN109727656A,CN109727656A,,3,20
CN108168680B,CN108168680B,,3,21
CN108922084A,CN108922084A,,3,19
CN108168680A,CN108168680A,,3,19
CN201026120Y,CN201026120Y,,1,9
WO2013170459A1,WO2013170459A1,,3,14
CN201294834Y,CN201294834Y,,1,10
CN201349971Y,CN201349971Y,,1,10
CN101861894B,CN101861894B,,3,13
CN101861894A,CN101861894A,,3,11
CN102113570A,CN102113570A,,3,12
CN201683739U,CN201683739U,,1,11
WO2012079263A1,WO2012079263A1,,3,13
CN201683750U,CN201683750U,,1,11
CN108968696A,CN108968696A,,3,19
CN102885578A,CN102885578A,,3,14
CN110763304A,CN110763304A,,3,21
CN107713826A,CN107713826A,,3,19
CN201798549U,CN201798549U,,1,12
WO2015110021A1,WO2015110021A1,,3,16
CN104026991A,CN104026991A,,3,15
CN104026991B,CN104026991B,,3,17
CN104095516A,CN104095516A,,3,15
CN201854632U,CN201854632U,,1,12
CN103547133B,CN103547133B,,3,17
CN104965420A,CN104965420A,,3,16
CN104965420B,CN104965420B,,3,18
CN103547133A,CN103547133A,,3,15
CN201855119U,CN201855119U,,1,12
CN102273511A,CN102273511A,,3,12
CN201879471U,CN201879471U,,1,12
CN104223977A,CN104223977A,,3,15
WO2014198225A1,WO2014198225A1,,3,15
CN104957996B,CN104957996B,,3,18
CN104957996A,CN104957996A,,3,16
CN201948809U,CN201948809U,,1,12
CN105078260A,CN105078260A,,3,16
CN202015057U,CN202015057U,,1,12
CN202069457U,CN202069457U,,1,12
CN109256636A,CN109256636A,,1,20
CN105813517A,CN105813517A,,3,17
CN105919468A,CN105919468A,,3,17
CN202504118U,CN202504118U,,1,13
CN105411428A,CN105411428A,,3,17
CN109499672A,CN109499672A,,3,20
CN202505047U,CN202505047U,,1,13
CN104887074A,CN104887074A,,3,16
CN107752816A,CN107752816A,,3,19
CN202635476U,CN202635476U,,1,14
CN108332815A,CN108332815A,,3,19
CN202761031U,CN202761031U,,1,14
CN104665575B,CN104665575B,,3,18
CN104665575A,CN104665575A,,3,16
CN202761032U,CN202761032U,,1,14
CN110772110A,CN110772110A,,3,21
CN202761053U,CN202761053U,,1,14
CN105147145A,CN105147145A,,3,16
CN111839183A,CN111839183A,,3,21
CN104706218A,CN104706218A,,3,16
CN203226654U,CN203226654U,,1,14
CN105417205A,CN105417205A,,3,17
CN105813510A,CN105813510A,,3,17
CN105813510B,CN105813510B,,3,20
US10455969B2,US10455969B2,,3,20
CN203340914U,CN203340914U,,1,14
CN108024649A,CN108024649A,,3,19
CN203378959U,CN203378959U,,1,15
CN108294597B,CN108294597B,,3,22
CN108294597A,CN108294597A,,3,19
CN203468333U,CN203468333U,,1,15
CN104545456B,CN104545456B,,1,18
CN203723911U,CN203723911U,,1,15
CN105889183A,CN105889183A,,3,17
CN108968726A,CN108968726A,,3,19
CN203987589U,CN203987589U,,1,15
CN108354478A,CN108354478A,,3,19
CN204049301U,CN204049301U,,1,15
CN105914931B,CN105914931B,,3,19
CN106059166B,CN106059166B,,3,19
CN105914931A,CN105914931A,,3,17
CN106059166A,CN106059166A,,3,17
CN204394243U,CN204394243U,,1,16
WO2020134915A1,WO2020134915A1,,3,21
CN107801256A,CN107801256A,,3,19
CN204427687U,CN204427687U,,1,16
CN106480695A,CN106480695A,,3,18
CN106480695B,CN106480695B,,3,19
CN105387604A,CN105387604A,,3,17
CN109405136A,CN109405136A,,3,20
CN204765046U,CN204765046U,,1,16
CN205162788U,CN205162788U,,1,17
CN108158402A,CN108158402A,,3,19
CN106583378A,CN106583378A,,3,18
CN106583378B,CN106583378B,,3,21
CN107348848A,CN107348848A,,3,18
CN205162801U,CN205162801U,,1,17
CN105996773A,CN105996773A,,3,17
CN105996773B,CN105996773B,,3,20
CN108478006A,CN108478006A,,3,19
CN108478006B,CN108478006B,,3,21
CN206006966U,CN206006966U,,1,18
CN2371813Y,CN2371813Y,,1,1
WO2006017967A1,WO2006017967A1,,3,7
CN101077270B,CN101077270B,,3,11
CN101444281B,CN101444281B,,3,13
CN101032375A,CN101032375A,,1,8
CN101243849A,CN101243849A,,1,9
CN101744325A,CN101744325A,,1,11
CN101919656A,CN101919656A,,1,11
CN109394020A,CN109394020A,,3,20
CN102178458A,CN102178458A,,1,12
CN103654470A,CN103654470A,,3,15
CN102771575B,CN102771575B,,3,14
CN102771575A,CN102771575A,,3,13
CN105310540B,CN105310540B,,3,19
CN109674365A,CN109674365A,,3,20
CN107348433A,CN107348433A,,3,18
CN103976630B,CN103976630B,,3,17
TWI592098B,TWI592098B,,3,18
CN108851966A,CN108851966A,,3,19
CN104777780A,CN104777780A,,3,16
CN106580086A,CN106580086A,,2,18
CN105982543A,CN105982543A,,1,17
CN108888128A,CN108888128A,,3,19
WO2019024233A1,WO2019024233A1,,3,20
CN110604488A,CN110604488A,,3,20
CN109431233A,CN109431233A,,3,20
CN200984090Y,CN200984090Y,,1,8
CN200984110Y,CN200984110Y,,1,8
CN102046057B,CN102046057B,,3,16
CN102046057A,CN102046057A,,3,12
CN103385655A,CN103385655A,,3,14
CN201135112Y,CN201135112Y,,1,9
CN201197346Y,CN201197346Y,,1,10
CN104223951A,CN104223951A,,3,15
CN201294839Y,CN201294839Y,,1,10
CN201398413Y,CN201398413Y,,1,11
CN104983326A,CN104983326A,,3,16
CN102499586A,CN102499586A,,3,13
CN109757977A,CN109757977A,,3,20
CN201504541U,CN201504541U,,1,11
CN104440950B,CN104440950B,,3,17
CN104440950A,CN104440950A,,3,16
CN201529018U,CN201529018U,,1,11
CN109497854A,CN109497854A,,3,20
CN201617140U,CN201617140U,,1,11
CN103594843B,CN103594843B,,3,17
CN103594843A,CN103594843A,,3,15
CN201641626U,CN201641626U,,1,11
CN201663887U,CN201663887U,,1,11
CN105982546A,CN105982546A,,1,17
CN105982546B,CN105982546B,,1,20
CN102119831A,CN102119831A,,3,12
CN201683736U,CN201683736U,,1,11
CN104172920A,CN104172920A,,3,15
CN106473628B,CN106473628B,,3,20
CN106473628A,CN106473628A,,3,18
CN201701037U,CN201701037U,,1,12
CN107853990A,CN107853990A,,3,19
CN201733781U,CN201733781U,,1,12
CN108896642A,CN108896642A,,3,19
CN107015582A,CN107015582A,,1,18
CN108797058A,CN108797058A,,3,19
CN201734526U,CN201734526U,,1,12
CN103799875A,CN103799875A,,3,15
CN201775493U,CN201775493U,,1,12
CN103300156B,CN103300156B,,3,15
CN103300156A,CN103300156A,,3,14
CN201798559U,CN201798559U,,1,12
CN201798561U,CN201798561U,,1,12
CN106809479A,CN106809479A,,3,18
WO2012171239A1,WO2012171239A1,,3,13
CN108135393A,CN108135393A,,3,19
CN201879474U,CN201879474U,,1,12
CN108324132A,CN108324132A,,3,19
CN201929736U,CN201929736U,,1,12
CN201929749U,CN201929749U,,1,12
CN202069454U,CN202069454U,,1,12
CN202104769U,CN202104769U,,1,13
CN202104775U,CN202104775U,,1,13
CN104688048A,CN104688048A,,3,16
CN202153982U,CN202153982U,,1,13
CN202173257U,CN202173257U,,1,13
CN202234847U,CN202234847U,,1,13
CN104704246B,CN104704246B,,3,18
CN104489077A,CN104489077A,,3,16
CN104704246A,CN104704246A,,3,16
CN202286102U,CN202286102U,,1,13
CN105433797A,CN105433797A,,3,17
CN202286103U,CN202286103U,,1,13
WO2019206085A1,WO2019206085A1,,3,20
CN202306203U,CN202306203U,,1,13
CN104678840A,CN104678840A,,1,16
CN202505048U,CN202505048U,,1,13
CN103004997B,CN103004997B,,1,15
CN103004997A,CN103004997A,,1,14
WO2018014817A1,WO2018014817A1,,3,19
CN202505059U,CN202505059U,,1,13
CN104656455B,CN104656455B,,3,18
CN105686611A,CN105686611A,,3,17
CN104656455A,CN104656455A,,3,16
CN202537182U,CN202537182U,,1,13
CN106901621B,CN106901621B,,3,20
CN106901621A,CN106901621A,,3,18
CN109288370A,CN109288370A,,3,20
CN202728659U,CN202728659U,,1,14
CN104970702A,CN104970702A,,3,16
CN105021366A,CN105021366A,,3,16
CN106333604A,CN106333604A,,3,18
CN202760084U,CN202760084U,,1,14
CN105832199A,CN105832199A,,3,17
CN202918959U,CN202918959U,,1,14
CN108185846A,CN108185846A,,1,19
CN107411533A,CN107411533A,,3,18
CN202919925U,CN202919925U,,1,14
CN203051763U,CN203051763U,,1,14
CN106989178A,CN106989178A,,3,18
CN106958659A,CN106958659A,,3,18
CN203088767U,CN203088767U,,1,14
WO2015154227A1,WO2015154227A1,,3,16
CN109773361B,CN109773361B,,3,22
CN109773361A,CN109773361A,,3,20
CN203226213U,CN203226213U,,1,14
CN107750186A,CN107750186A,,3,19
CN107771047A,CN107771047A,,3,19
US10807049B2,US10807049B2,,3,21
CN203341534U,CN203341534U,,1,14
CN106292352B,CN106292352B,,2,21
CN203378980U,CN203378980U,,1,15
CN203455397U,CN203455397U,,1,15
CN106124956A,CN106124956A,,3,17
CN104362608B,CN104362608B,,3,18
CN104362608A,CN104362608A,,3,16
CN203468326U,CN203468326U,,1,15
TWI605783B,TWI605783B,,3,18
CN203723893U,CN203723893U,,1,15
CN108577541A,CN108577541A,,3,19
CN107352178A,CN107352178A,,3,18
CN105476473A,CN105476473A,,3,17
CN203987601U,CN203987601U,,1,15
CN105411387A,CN105411387A,,1,17
CN105411387B,CN105411387B,,1,19
CN204427688U,CN204427688U,,1,16
EP3669711A4,EP3669711A4,,3,21
WO2019061673A1,WO2019061673A1,,3,20
CN111012207A,CN111012207A,,3,21
CN204765042U,CN204765042U,,1,16
CN205353651U,CN205353651U,,1,17
CN106653483A,CN106653483A,,3,18
CN106653483B,CN106653483B,,3,21
CN110459433A,CN110459433A,,3,20
CN205885272U,CN205885272U,,1,18
CN206213953U,CN206213953U,,1,18
CN107928418A,CN107928418A,,1,19
CN107928466A,CN107928466A,,1,19
CN2368406Y,CN2368406Y,,1,1
CN106955014A,CN106955014A,,3,18
CN2542171Y,CN2542171Y,,1,4
CN2701379Y,CN2701379Y,,1,6
CN106235904A,CN106235904A,,3,17
CN101048020A,CN101048020A,,1,8
CN103082015A,CN103082015A,,3,14
CN105392396A,CN105392396A,,3,17
CN101647534A,CN101647534A,,1,11
CN102697376A,CN102697376A,,3,13
CN108926264A,CN108926264A,,3,19
CN101861897A,CN101861897A,,1,11
CN105145849A,CN105145849A,,3,16
CN103944277A,CN103944277A,,3,15
CN108852041A,CN108852041A,,3,19
CN103505043A,CN103505043A,,1,15
TWI598047B,TWI598047B,,3,18
CN111265123B,CN111265123B,,3,21
CN111265123A,CN111265123A,,3,21
CN104138209A,CN104138209A,,1,15
CN109744901A,CN109744901A,,3,20
CN109276215A,CN109276215A,,3,20
WO2020238711A1,WO2020238711A1,,3,21
CN110269511A,CN110269511A,,3,20
CN105935085A,CN105935085A,,1,17
CN107821610B,CN107821610B,,3,21
CN109102631A,CN109102631A,,3,19
WO2019242137A1,WO2019242137A1,,3,20
CN110151018A,CN110151018A,,3,20
CN109199099A,CN109199099A,,3,20
CN108095550A,CN108095550A,,1,19
CN110236408A,CN110236408A,,3,20
CN110123169A,CN110123169A,,3,20
CN1426723A,CN1426723A,,1,4
WO2010067030A1,WO2010067030A1,,3,11
CN201294836Y,CN201294836Y,,1,10
CN201349979Y,CN201349979Y,,1,10
CN201370073Y,CN201370073Y,,1,10
CN104250026A,CN104250026A,,3,15
CN104250026B,CN104250026B,,3,20
CN201398414Y,CN201398414Y,,1,11
CN201402968Y,CN201402968Y,,1,11
CN106329478A,CN106329478A,,3,18
CN201414387Y,CN201414387Y,,1,11
CN201504525U,CN201504525U,,1,11
CN201528642U,CN201528642U,,1,11
CN107212755A,CN107212755A,,3,18
TWI540969B,TWI540969B,,3,17
CN201602635U,CN201602635U,,1,11
CN201682954U,CN201682954U,,1,11
CN201701036U,CN201701036U,,1,12
CN104223953A,CN104223953A,,3,15
CN201718385U,CN201718385U,,1,12
CN201734525U,CN201734525U,,1,12
CN105595864B,CN105595864B,,3,21
CN105595864A,CN105595864A,,3,17
CN201781915U,CN201781915U,,1,12
CN201782594U,CN201782594U,,1,12
CN103186149A,CN103186149A,,3,14
CN201787992U,CN201787992U,,1,12
CN102353555A,CN102353555A,,3,13
CN102353555B,CN102353555B,,3,15
CN201797923U,CN201797923U,,1,12
CN201878695U,CN201878695U,,1,12
CN102429036A,CN102429036A,,3,13
CN201879477U,CN201879477U,,1,12
CN202035432U,CN202035432U,,1,12
CN103844898A,CN103844898A,,3,15
CN109452884A,CN109452884A,,3,20
CN202069442U,CN202069442U,,1,12
CN110448176A,CN110448176A,,3,20
CN202104174U,CN202104174U,,1,13
CN108523703A,CN108523703A,,3,19
CN102987904A,CN102987904A,,3,14
CN202104176U,CN202104176U,,1,13
CN202104179U,CN202104179U,,1,13
CN202104776U,CN202104776U,,1,13
CN202104782U,CN202104782U,,1,13
CN110693309A,CN110693309A,,3,21
CN202197758U,CN202197758U,,1,13
CN202198440U,CN202198440U,,1,13
CN105167603A,CN105167603A,,3,16
CN104248341A,CN104248341A,,3,15
CN202277235U,CN202277235U,,1,13
CN103498124A,CN103498124A,,3,15
CN103498124B,CN103498124B,,3,16
CN202286101U,CN202286101U,,1,13
CN202287793U,CN202287793U,,1,13
CN103536200A,CN103536200A,,3,15
CN105428926A,CN105428926A,,3,17
CN202341780U,CN202341780U,,1,13
CN202408595U,CN202408595U,,1,13
CN104939272A,CN104939272A,,3,16
CN104824790A,CN104824790A,,3,16
CN202421884U,CN202421884U,,1,13
CN202456263U,CN202456263U,,1,13
CN202456264U,CN202456264U,,1,13
CN202457898U,CN202457898U,,1,13
CN202505051U,CN202505051U,,1,13
CN104836409A,CN104836409A,,3,16
CN108652404A,CN108652404A,,3,19
CN202664139U,CN202664139U,,1,14
CN202761035U,CN202761035U,,1,14
CN202761103U,CN202761103U,,1,14
CN202771186U,CN202771186U,,1,14
CN202891601U,CN202891601U,,1,14
CN106955023A,CN106955023A,,3,18
CN106955023B,CN106955023B,,3,20
CN202891616U,CN202891616U,,1,14
CN106333615A,CN106333615A,,3,18
CN106333615B,CN106333615B,,3,20
CN203016683U,CN203016683U,,1,14
CN109647590A,CN109647590A,,3,20
CN203016686U,CN203016686U,,1,14
CN203194435U,CN203194435U,,1,14
CN106618156B,CN106618156B,,3,20
CN106618156A,CN106618156A,,3,18
CN203226652U,CN203226652U,,1,14
CN203378497U,CN203378497U,,1,15
CN203378962U,CN203378962U,,1,15
CN109602278A,CN109602278A,,3,20
CN203378978U,CN203378978U,,1,15
CN203387708U,CN203387708U,,1,15
CN104376957A,CN104376957A,,3,16
CN105451386A,CN105451386A,,3,17
CN203493422U,CN203493422U,,1,15
CN108209623A,CN108209623A,,3,19
CN203493426U,CN203493426U,,1,15
CN111053471A,CN111053471A,,3,21
CN111053471B,CN111053471B,,3,22
CN203493428U,CN203493428U,,1,15
CN103976899A,CN103976899A,,3,15
CN106135431A,CN106135431A,,2,17
CN203561856U,CN203561856U,,1,15
CN203815257U,CN203815257U,,1,15
CN203815264U,CN203815264U,,1,15
CN203914541U,CN203914541U,,1,15
CN107969899A,CN107969899A,,3,19
CN203914550U,CN203914550U,,1,15
CN204015986U,CN204015986U,,1,15
CN204015996U,CN204015996U,,1,15
WO2017020377A1,WO2017020377A1,,3,18
CN107837011A,CN107837011A,,3,19
CN204015997U,CN204015997U,,1,15
CN204016058U,CN204016058U,,1,15
CN110960062A,CN110960062A,,3,21
CN204049296U,CN204049296U,,1,15
CN106532078A,CN106532078A,,3,18
CN106532078B,CN106532078B,,3,20
CN204091727U,CN204091727U,,1,16
CN105662158A,CN105662158A,,3,17
CN105662158B,CN105662158B,,3,19
CN204218742U,CN204218742U,,1,16
CN109549459A,CN109549459A,,3,20
CN109549450A,CN109549450A,,3,20
CN204483927U,CN204483927U,,1,16
CN204636031U,CN204636031U,,1,16
CN204708622U,CN204708622U,,1,16
CN204765056U,CN204765056U,,1,16
CN204862796U,CN204862796U,,1,16
WO2017143534A1,WO2017143534A1,,3,18
CN204889635U,CN204889635U,,1,16
CN105411433A,CN105411433A,,3,17
CN105411433B,CN105411433B,,3,18
CN204995219U,CN204995219U,,1,17
WO2019169829A1,WO2019169829A1,,3,20
CN204995272U,CN204995272U,,1,17
CN109965731A,CN109965731A,,3,20
CN205053897U,CN205053897U,,1,17
CN108991951A,CN108991951A,,3,19
CN107569129A,CN107569129A,,3,19
CN205162777U,CN205162777U,,1,17
WO2020181660A1,WO2020181660A1,,3,21
CN205162783U,CN205162783U,,1,17
CN108402429A,CN108402429A,,3,19
CN205338648U,CN205338648U,,1,17
CN205568791U,CN205568791U,,1,17
CN106824414A,CN106824414A,,3,18
CN106618270A,CN106618270A,,3,18
CN205578606U,CN205578606U,,1,17
CN205649421U,CN205649421U,,1,17
CN110250950A,CN110250950A,,3,20
CN110250948A,CN110250948A,,3,20
CN205649422U,CN205649422U,,1,17
CN205697401U,CN205697401U,,1,17
CN206006945U,CN206006945U,,1,18
CN206303731U,CN206303731U,,1,18
CN206371884U,CN206371884U,,1,18
CN110051245A,CN110051245A,,3,20
CN206560326U,CN206560326U,,1,18
CN206603627U,CN206603627U,,1,18
CN109380996B,CN109380996B,,3,21
CN109380996A,CN109380996A,,3,20
CN207506406U,CN207506406U,,1,19
CN207755080U,CN207755080U,,1,19
WO2020048405A1,WO2020048405A1,,3,21
WO2020228302A1,WO2020228302A1,,3,21
CN208192936U,CN208192936U,,1,19
CN2406498Y,CN2406498Y,,1,1
CN100590556C,CN100590556C,,3,11
CN2456602Y,CN2456602Y,,1,2
CN1301677C,CN1301677C,,3,8
WO2016077959A1,WO2016077959A1,,3,17
CN2480065Y,CN2480065Y,,1,3
CN102917624A,CN102917624A,,3,14
CN102743111A,CN102743111A,,3,13
CN101278806A,CN101278806A,,1,9
WO2019000210A1,WO2019000210A1,,3,20
CN101491317A,CN101491317A,,1,10
CN101849778A,CN101849778A,,1,11
CN102824106A,CN102824106A,,2,13
CN109691865A,CN109691865A,,3,20
CN108013756A,CN108013756A,,1,19
CN107565860A,CN107565860A,,1,19
CN110165971A,CN110165971A,,3,20
CN1075720C,CN1075720C,,1,2
CN110613338A,CN110613338A,,3,20
CN108888134A,CN108888134A,,3,19
CN108888133A,CN108888133A,,3,19
CN109363533A,CN109363533A,,1,20
CN110250952A,CN110250952A,,3,20
CN1268263C,CN1268263C,,1,7
CN101836830B,CN101836830B,,3,13
CN1270661C,CN1270661C,,1,7
CN102835896A,CN102835896A,,3,13
CN201063888Y,CN201063888Y,,1,9
CN100499946C,CN100499946C,,1,10
CN201163979Y,CN201163979Y,,1,9
CN201248151Y,CN201248151Y,,1,10
CN102595670A,CN102595670A,,3,13
CN201349503Y,CN201349503Y,,1,10
CN201351027Y,CN201351027Y,,1,10
CN201365504Y,CN201365504Y,,1,10
CN102578908A,CN102578908A,,3,13
CN201398415Y,CN201398415Y,,1,11
CN201403472Y,CN201403472Y,,1,11
CN201414380Y,CN201414380Y,,1,11
CN201440912U,CN201440912U,,1,11
CN105559532A,CN105559532A,,3,17
CN201440913U,CN201440913U,,1,11
CN201504546U,CN201504546U,,1,11
CN201528631U,CN201528631U,,1,11
CN109211077A,CN109211077A,,3,20
CN201532543U,CN201532543U,,1,11
CN105520660A,CN105520660A,,3,17
CN201533567U,CN201533567U,,1,11
CN102975986A,CN102975986A,,3,14
CN201577478U,CN201577478U,,1,11
CN104730947A,CN104730947A,,3,16
CN201577481U,CN201577481U,,1,11
CN201591464U,CN201591464U,,1,11
CN201640313U,CN201640313U,,1,11
CN201640318U,CN201640318U,,1,11
CN104398147A,CN104398147A,,3,16
CN201664211U,CN201664211U,,1,11
CN201700325U,CN201700325U,,1,12
CN105496190A,CN105496190A,,3,17
CN201733786U,CN201733786U,,1,12
CN103876634A,CN103876634A,,3,15
CN201775489U,CN201775489U,,1,12
CN201781914U,CN201781914U,,1,12
CN106108714A,CN106108714A,,3,17
CN201781916U,CN201781916U,,1,12
CN201782587U,CN201782587U,,1,12
CN103815804A,CN103815804A,,3,15
CN201782611U,CN201782611U,,1,12
CN111588357A,CN111588357A,,3,21
CN201797918U,CN201797918U,,1,12
WO2018019091A1,WO2018019091A1,,3,19
CN201797919U,CN201797919U,,1,12
CN201797921U,CN201797921U,,1,12
CN201797922U,CN201797922U,,1,12
CN201798550U,CN201798550U,,1,12
CN201798571U,CN201798571U,,1,12
CN109464095A,CN109464095A,,3,20
CN201879475U,CN201879475U,,1,12
CN201911248U,CN201911248U,,1,12
CN201911904U,CN201911904U,,1,12
CN202035429U,CN202035429U,,1,12
CN202035430U,CN202035430U,,1,12
CN202069448U,CN202069448U,,1,12
CN202069451U,CN202069451U,,1,12
CN102846204A,CN102846204A,,3,14
CN202069458U,CN202069458U,,1,12
CN202104177U,CN202104177U,,1,13
WO2015149355A1,WO2015149355A1,,3,16
CN202104781U,CN202104781U,,1,13
CN108736714A,CN108736714A,,3,19
CN202153981U,CN202153981U,,1,13
CN202154534U,CN202154534U,,1,13
CN202160596U,CN202160596U,,1,13
CN202172754U,CN202172754U,,1,13
CN104622195A,CN104622195A,,3,16
CN202173258U,CN202173258U,,1,13
CN202232787U,CN202232787U,,1,13
CN202234805U,CN202234805U,,1,13
CN202286107U,CN202286107U,,1,13
CN202287800U,CN202287800U,,1,13
CN202349240U,CN202349240U,,1,13
CN109330372A,CN109330372A,,3,20
CN202364743U,CN202364743U,,1,13
CN202457892U,CN202457892U,,1,13
WO2017214891A1,WO2017214891A1,,3,18
CN202505050U,CN202505050U,,1,13
CN202635475U,CN202635475U,,1,14
CN105212741A,CN105212741A,,3,17
CN202665254U,CN202665254U,,1,14
CN202665257U,CN202665257U,,1,14
CN109965706A,CN109965706A,,3,20
CN202761027U,CN202761027U,,1,14
CN202761039U,CN202761039U,,1,14
CN202891607U,CN202891607U,,1,14
CN107799715A,CN107799715A,,3,19
CN202919923U,CN202919923U,,1,14
CN203016688U,CN203016688U,,1,14
CN203016690U,CN203016690U,,1,14
WO2021032190A1,WO2021032190A1,,3,22
CN203016701U,CN203016701U,,1,14
CN104352186A,CN104352186A,,3,16
CN203016754U,CN203016754U,,1,14
CN105832193B,CN105832193B,,3,19
CN203040576U,CN203040576U,,1,14
CN203040577U,CN203040577U,,1,14
CN203040579U,CN203040579U,,1,14
CN203041974U,CN203041974U,,1,14
CN203087424U,CN203087424U,,1,14
WO2016119321A1,WO2016119321A1,,3,17
CN203088747U,CN203088747U,,1,14
CN105286643A,CN105286643A,,3,17
CN203088750U,CN203088750U,,1,14
WO2019006755A1,WO2019006755A1,,3,20
CN203088768U,CN203088768U,,1,14
CN203194434U,CN203194434U,,1,14
CN203194436U,CN203194436U,,1,14
CN105996831A,CN105996831A,,3,17
CN203195434U,CN203195434U,,1,14
CN203195440U,CN203195440U,,1,14
CN203226211U,CN203226211U,,1,14
CN203226643U,CN203226643U,,1,14
CN104771069A,CN104771069A,,3,16
CN203278442U,CN203278442U,,1,14
CN108720612A,CN108720612A,,3,19
CN203378495U,CN203378495U,,1,15
CN203447194U,CN203447194U,,1,15
CN203468318U,CN203468318U,,1,15
CN107969902A,CN107969902A,,3,19
CN203468334U,CN203468334U,,1,15
CN106937818A,CN106937818A,,3,18
CN203480492U,CN203480492U,,1,15
CN104346018B,CN104346018B,,3,18
CN203493420U,CN203493420U,,1,15
CN203493431U,CN203493431U,,1,15
CN110051194A,CN110051194A,,3,20
CN203609332U,CN203609332U,,1,15
CN203723909U,CN203723909U,,1,15
CN105125103A,CN105125103A,,3,16
CN203723930U,CN203723930U,,1,15
CN203723941U,CN203723941U,,1,15
CN203815314U,CN203815314U,,1,15
WO2019222802A1,WO2019222802A1,,3,20
CN203885312U,CN203885312U,,1,15
CN203885315U,CN203885315U,,1,15
CN203889309U,CN203889309U,,1,15
CN106516332A,CN106516332A,,3,18
CN203896525U,CN203896525U,,1,15
CN203896528U,CN203896528U,,1,15
CN107581911A,CN107581911A,,3,19
CN204015985U,CN204015985U,,1,15
CN204031498U,CN204031498U,,1,15
CN106379774A,CN106379774A,,3,18
CN204033104U,CN204033104U,,1,15
CN106235911A,CN106235911A,,3,17
CN204033105U,CN204033105U,,1,15
CN109276165A,CN109276165A,,3,20
CN204049277U,CN204049277U,,1,15
CN204049282U,CN204049282U,,1,15
CN204056787U,CN204056787U,,1,15
CN110406762A,CN110406762A,,3,20
CN204091717U,CN204091717U,,1,16
CN110236420A,CN110236420A,,3,20
CN204091730U,CN204091730U,,1,16
CN204091731U,CN204091731U,,1,16
CN109911651A,CN109911651A,,3,20
CN204091733U,CN204091733U,,1,16
CN204091737U,CN204091737U,,1,16
CN107550309A,CN107550309A,,3,19
CN204091751U,CN204091751U,,1,16
CN204218679U,CN204218679U,,1,16
CN104821455A,CN104821455A,,3,16
CN204302688U,CN204302688U,,1,16
CN108011565A,CN108011565A,,3,19
CN204427686U,CN204427686U,,1,16
CN204636029U,CN204636029U,,1,16
CN204636030U,CN204636030U,,1,16
CN204862710U,CN204862710U,,1,16
CN204862794U,CN204862794U,,1,16
CN108778076A,CN108778076A,,3,19
CN204862797U,CN204862797U,,1,16
CN204931331U,CN204931331U,,1,17
CN204995212U,CN204995212U,,1,17
CN105725719A,CN105725719A,,3,17
CN204995270U,CN204995270U,,1,17
CN204995273U,CN204995273U,,1,17
CN107242812A,CN107242812A,,3,18
CN204995274U,CN204995274U,,1,17
CN204995286U,CN204995286U,,1,17
CN204995287U,CN204995287U,,1,17
CN108618626A,CN108618626A,,3,19
CN204995288U,CN204995288U,,1,17
CN205338726U,CN205338726U,,1,17
CN205338732U,CN205338732U,,1,17
CN205568787U,CN205568787U,,1,17
CN109820437A,CN109820437A,,3,20
CN205649364U,CN205649364U,,1,17
CN106388546A,CN106388546A,,3,18
CN205649418U,CN205649418U,,1,17
CN108478049A,CN108478049A,,3,19
CN205697252U,CN205697252U,,1,17
CN205697368U,CN205697368U,,1,17
CN205721214U,CN205721214U,,1,17
CN109507916A,CN109507916A,,3,20
CN205721475U,CN205721475U,,1,17
CN109933122A,CN109933122A,,3,20
CN205725691U,CN205725691U,,1,17
CN110200522A,CN110200522A,,3,20
CN206007074U,CN206007074U,,1,18
CN206080171U,CN206080171U,,1,18
CN206080175U,CN206080175U,,1,18
CN206080294U,CN206080294U,,1,18
CN206166647U,CN206166647U,,1,18
CN206166740U,CN206166740U,,1,18
CN110141175A,CN110141175A,,3,20
CN206180843U,CN206180843U,,1,18
CN109067272A,CN109067272A,,3,19
CN206213871U,CN206213871U,,1,18
CN206213872U,CN206213872U,,1,18
CN206462829U,CN206462829U,,1,18
CN206462886U,CN206462886U,,1,18
CN108043268A,CN108043268A,,3,19
CN206603675U,CN206603675U,,1,18
CN206700061U,CN206700061U,,1,18
WO2020098458A1,WO2020098458A1,,3,21
CN206867158U,CN206867158U,,1,19
CN207202786U,CN207202786U,,1,19
CN207341676U,CN207341676U,,1,19
WO2020024894A1,WO2020024894A1,,3,21
CN207506358U,CN207506358U,,1,19
CN207506410U,CN207506410U,,1,19
CN207506414U,CN207506414U,,1,19
WO2019218453A1,WO2019218453A1,,3,20
CN207640263U,CN207640263U,,1,19
CN109700342A,CN109700342A,,3,20
CN207940766U,CN207940766U,,1,19
CN207940785U,CN207940785U,,1,19
CN110075987A,CN110075987A,,3,20
CN208192854U,CN208192854U,,1,19
WO2020248941A1,WO2020248941A1,,3,21
CN208192961U,CN208192961U,,1,19
CN208598173U,CN208598173U,,1,20
CN110141128A,CN110141128A,,3,20
CN208673080U,CN208673080U,,1,20
CN110297448A,CN110297448A,,3,20
CN208973568U,CN208973568U,,1,20
CN209090995U,CN209090995U,,1,20
CN111053451A,CN111053451A,,3,21
CN2489599Y,CN2489599Y,,1,3
CN2601722Y,CN2601722Y,,1,5
CN101278718B,CN101278718B,,1,13
CN2655779Y,CN2655779Y,,1,5
CN102245068B,CN102245068B,,3,16
CN2870981Y,CN2870981Y,,1,8
CN105231820A,CN105231820A,,3,17
